campaign_id,treated_upc,product_name,product_size,promo_code,event_start_week,event_end_week,n_participating_stores
397,420,PEPSI COLA CANS,24/12O,S,381,386,82
604,421,PEPSI DIET CANS,24/12O,S,381,386,82
954,423,DIET PEPSI CAFFEINE,24/12O,S,381,386,75
1613,426,MOUNTAIN DEW,24/12O,S,381,386,82
4605,450,COKE CLASSIC CANS,24/12O,B,377,386,80
4779,451,DIET COKE CANS,24/12O,B,379,386,78
5147,453,SPRITE,24/12O,B,379,386,71
8361,1200000016,PEPSI COLA CANS,12/12O,B,376,385,82
8620,1200000017,PEPSI COLA CANS,24/12O,S,381,386,82
9003,1200000053,PEPSI DIET CANS,24/12O,S,381,386,82
9451,1200000088,MOUNTAIN DEW,24/12O,S,381,386,77
10888,1200000190,PEPSI DIET CANS,12/12O,B,376,385,82
11066,1200000225,MOUNTAIN DEW CANS,12/12O,B,376,385,70
11156,1200000230,PEPSI COLA N/R,2 LT,S,159,163,82
11513,1200000231,PEPSI DIET N/R,2 LT,B,198,204,78
13483,1200000491,PEPSI CAFFEINE FREE,12/12O,B,376,385,72
13564,1200000492,CAFFEINE FREE PEPSI,2 LT,S,159,163,84
13591,1200000492,CAFFEINE FREE PEPSI,2 LT,B,198,204,82
14053,1200000495,DIET PEPSI CAFFEINE,12/12O,B,376,385,67
14130,1200000496,DIET PEPSI CAFFEINE,2 LT,S,159,163,83
14153,1200000496,DIET PEPSI CAFFEINE,2 LT,B,198,204,85
14704,1200000519,PEPSI CAFFEINE FREE,24/12O,S,381,386,77
14917,1200000524,DIET PEPSI CAFFEINE,24/12O,S,381,386,75
15348,1200000686,CRYSTAL PEPSI,2 LT,B,190,195,77
15356,1200000686,CRYSTAL PEPSI,2 LT,B,198,204,78
15944,1200000746,DIET MOUNTAIN DEW,2 LT,B,190,195,74
15951,1200000746,DIET MOUNTAIN DEW,2 LT,B,198,202,84
16836,1200000801,LEMON LIME SLICE PPD,2 LT,B,358,363,76
17039,1200000812,CRYSTAL DIET PEPSI,2 LT,B,198,204,78
17279,1200000820,DIET LEMON LIME SLIC,2 LT,B,358,363,77
18198,1200000863,ORANGE SLICE PPD,2 LT,B,358,363,75
18573,1200000878,DIET ORANGE SLICE PP,2 LT,B,358,363,76
19394,1200010054,PEPSI 20 OZ NR 8PK,8/20OZ,B,349,354,72
19441,1200010055,DIET PEPSI 20 OZ NR,8/20OZ,B,349,354,68
20485,1660000006,SCHWEPPS TONIC N/R,1 LT,B,44,51,68
20495,1660000006,SCHWEPPS TONIC N/R,1 LT,B,53,58,76
20505,1660000006,SCHWEPPS TONIC N/R,1 LT,B,61,69,72
20525,1660000006,SCHWEPPS TONIC N/R,1 LT,B,89,112,34
20558,1660000006,SCHWEPPS TONIC N/R,1 LT,B,123,137,29
20562,1660000006,SCHWEPPS TONIC N/R,1 LT,B,126,138,47
20573,1660000006,SCHWEPPS TONIC N/R,1 LT,B,147,165,35
20577,1660000006,SCHWEPPS TONIC N/R,1 LT,B,150,166,46
20591,1660000006,SCHWEPPS TONIC N/R,1 LT,B,187,200,42
20606,1660000006,SCHWEPPS TONIC N/R,1 LT,B,204,212,82
20612,1660000006,SCHWEPPS TONIC N/R,1 LT,B,221,226,80
20625,1660000006,SCHWEPPS TONIC N/R,1 LT,B,276,283,82
20832,1660000026,SCHWEPPS GINGER ALE,1 LT,B,53,59,69
20847,1660000026,SCHWEPPS GINGER ALE,1 LT,B,61,69,69
20862,1660000026,SCHWEPPS GINGER ALE,1 LT,B,74,81,68
20885,1660000026,SCHWEPPS GINGER ALE,1 LT,B,89,107,33
20920,1660000026,SCHWEPPS GINGER ALE,1 LT,B,109,121,63
20933,1660000026,SCHWEPPS GINGER ALE,1 LT,B,123,137,28
20941,1660000026,SCHWEPPS GINGER ALE,1 LT,B,126,140,41
20967,1660000026,SCHWEPPS GINGER ALE,1 LT,B,147,165,30
20976,1660000026,SCHWEPPS GINGER ALE,1 LT,B,150,165,41
20991,1660000026,SCHWEPPS GINGER ALE,1 LT,B,169,173,80
21006,1660000026,SCHWEPPS GINGER ALE,1 LT,B,187,200,36
21032,1660000026,SCHWEPPS GINGER ALE,1 LT,B,204,212,78
21044,1660000026,SCHWEPPS GINGER ALE,1 LT,B,221,226,75
21069,1660000026,SCHWEPPS GINGER ALE,1 LT,B,276,283,82
21128,1660000036,SCHWEPPS CLUB SODA N,1 LT,B,52,59,72
21141,1660000036,SCHWEPPS CLUB SODA N,1 LT,B,61,69,69
21165,1660000036,SCHWEPPS CLUB SODA N,1 LT,B,89,113,32
21217,1660000036,SCHWEPPS CLUB SODA N,1 LT,B,125,138,45
21244,1660000036,SCHWEPPS CLUB SODA N,1 LT,B,147,165,29
21250,1660000036,SCHWEPPS CLUB SODA N,1 LT,B,150,166,45
21277,1660000036,SCHWEPPS CLUB SODA N,1 LT,B,187,200,50
21297,1660000036,SCHWEPPS CLUB SODA N,1 LT,B,204,212,81
21305,1660000036,SCHWEPPS CLUB SODA N,1 LT,B,221,226,81
21320,1660000036,SCHWEPPS CLUB SODA N,1 LT,B,276,283,82
21395,1660000064,SCHWEPPES DIET TONIC,1 LT,B,61,69,69
21418,1660000064,SCHWEPPES DIET TONIC,1 LT,B,89,107,36
21449,1660000064,SCHWEPPES DIET TONIC,1 LT,B,109,121,65
21468,1660000064,SCHWEPPES DIET TONIC,1 LT,B,125,137,48
21493,1660000064,SCHWEPPES DIET TONIC,1 LT,B,147,165,32
21501,1660000064,SCHWEPPES DIET TONIC,1 LT,B,149,174,40
21532,1660000064,SCHWEPPES DIET TONIC,1 LT,B,187,200,38
21555,1660000064,SCHWEPPES DIET TONIC,1 LT,B,204,212,80
21566,1660000064,SCHWEPPES DIET TONIC,1 LT,B,221,226,77
21584,1660000064,SCHWEPPES DIET TONIC,1 LT,B,276,283,80
21611,1660050570,SCHWEPPES TONIC WATE,6/10OZ,B,52,59,60
21636,1660050570,SCHWEPPES TONIC WATE,6/10OZ,B,62,81,45
21681,1660050570,SCHWEPPES TONIC WATE,6/10OZ,B,114,121,56
21711,1660050570,SCHWEPPES TONIC WATE,6/10OZ,B,151,161,40
21739,1660050570,SCHWEPPES TONIC WATE,6/10OZ,B,163,173,57
21770,1660050570,SCHWEPPES TONIC WATE,6/10OZ,B,187,200,53
21806,1660050570,SCHWEPPES TONIC WATE,6/10OZ,B,204,212,65
22170,1660051170,SCHWEPPS GINGER ALE,6/10OZ,B,62,71,40
22206,1660051170,SCHWEPPS GINGER ALE,6/10OZ,B,73,81,46
22379,1660051170,SCHWEPPS GINGER ALE,6/10OZ,B,187,200,31
22655,1660051209,SCHWEPPES RASPBERRY,2 LT,B,51,59,70
22851,1660051219,SCHWEPPES DIET RASP,2 LT,B,51,59,68
23402,1660051312,SCHWEPPES GINGER ALE,2 LT,B,52,59,72
23619,1660051344,SCHWEPPS LIME SELTZE,1 LT,B,276,283,72
23719,1660051348,SCHWEPPS BLK CHERRY,1 LT,B,276,283,66
23913,1660051397,SCHWEPPES RASPBERRRY,1 LT,B,276,283,69
24023,1660051470,SCHWEPPS CLUB SODA N,6/10OZ,B,53,59,64
24040,1660051470,SCHWEPPS CLUB SODA N,6/10OZ,B,62,71,55
24063,1660051470,SCHWEPPS CLUB SODA N,6/10OZ,B,73,81,65
24151,1660051470,SCHWEPPS CLUB SODA N,6/10OZ,B,163,173,54
24196,1660051470,SCHWEPPS CLUB SODA N,6/10OZ,B,187,200,37
24251,1660051470,SCHWEPPS CLUB SODA N,6/10OZ,B,204,212,53
24465,1660051572,SCHWEPPS SELTZER SGR,1 LT,B,276,283,66
24583,1660051574,SCHWEPPES S/F SELTZE,2 LT,B,321,328,53
25156,1660053102,SCHWEPPES DIET GING,2 LT,B,51,59,68
25576,1690000012,CANADA DRY GINGER AL,2 LT,B,110,119,48
25756,1690000012,CANADA DRY GINGER AL,2 LT,B,376,386,79
26080,1690000083,CANADA DRY GNGR ALE,6/12OZ,S,276,282,71
26183,1690000301,CANADA DRY GINGER AL,6/10OZ,B,41,53,45
26217,1690000301,CANADA DRY GINGER AL,6/10OZ,B,61,69,57
26259,1690000301,CANADA DRY GINGER AL,6/10OZ,B,111,121,38
26406,1690000301,CANADA DRY GINGER AL,6/10OZ,B,220,229,66
26614,1690000302,CANADA DRY CLUB SODA,6/10OZ,B,61,69,66
26692,1690000302,CANADA DRY CLUB SODA,6/10OZ,B,202,208,68
26713,1690000302,CANADA DRY CLUB SODA,6/10OZ,B,220,229,71
27988,1690001601,CANADA DRY GINGER AL,2 LT,B,108,119,45
28154,1690001601,CANADA DRY GINGER AL,2 LT,B,376,386,75
28466,1690001751,CANADA DRY GINGER AL,1 LT,B,50,56,65
28480,1690001751,CANADA DRY GINGER AL,1 LT,B,61,69,65
28526,1690001751,CANADA DRY GINGER AL,1 LT,B,113,121,66
28565,1690001751,CANADA DRY GINGER AL,1 LT,B,176,188,34
28602,1690001751,CANADA DRY GINGER AL,1 LT,B,210,215,71
28625,1690001751,CANADA DRY GINGER AL,1 LT,B,234,240,75
28709,1690001752,CANADA DRY CLUB SODA,1 LT,B,50,56,58
28726,1690001752,CANADA DRY CLUB SODA,1 LT,B,61,69,60
28760,1690001752,CANADA DRY CLUB SODA,1 LT,B,107,121,32
28852,1690001752,CANADA DRY CLUB SODA,1 LT,B,210,215,68
28877,1690001752,CANADA DRY CLUB SODA,1 LT,B,234,240,73
29165,1690001753,CANADA DRY TONIC WAT,1 LT,B,234,240,58
32501,2950002932,DIET R.C.,2 LT,B,111,121,37
41854,3828100313,DOM LEM/LIME SODA,2 LT,B,170,174,81
42749,3828100329,DOM SELTZER WATER,1 LT,B,67,73,71
42854,3828100329,DOM SELTZER WATER,1 LT,B,274,281,68
43029,3828100333,DOM TONIC WATER,1 LT,B,274,281,70
43089,3828100337,DOM GINGER ALE,1 LT,B,62,68,70
43204,3828100337,DOM GINGER ALE,1 LT,B,274,281,71
45103,4100000859,LIPTON BRISK TEA,2 LT,B,63,72,57
45269,4100000859,LIPTON BRISK TEA,2 LT,B,358,363,72
46723,4100010958,LIPTON BRISK ICED TE,12/12O,B,377,385,45
47546,4171011288,CRUSH ORANGE PP .99,2 LT,B,83,91,67
47991,4171012288,CRUSH GRAPE,2 LT,B,47,52,67
48016,4171012288,CRUSH GRAPE,2 LT,B,83,91,61
48251,4171013288,CRUSH STRAWBERRY,2 LT,B,84,91,61
49907,4640010026,SUNKIST GRAPE,2 LT,B,107,113,64
51108,4640010274,SUNKIST DIET LEMONAD,6/12OZ,S,276,282,61
51870,4640015021,SUNKIST ORANGE DIET,6/12OZ,S,276,282,65
51962,4640054081,SUNKIST ORANGE,2 LT,B,107,113,77
52136,4640054081,SUNKIST ORANGE,2 LT,B,380,386,83
52376,4640055081,SUNKIST ORANGE DIET,2 LT,B,380,386,79
52565,4900000036,CHERRY COKE PP$.99,2 LT,B,380,386,80
53416,4900000129,SPRITE,24/12O,B,379,386,51
54436,4900000243,CAFFEINE FREE CLASSI,2 LT,B,197,201,81
54579,4900000243,CAFFEINE FREE CLASSI,2 LT,B,324,329,74
54614,4900000243,CAFFEINE FREE CLASSI,2 LT,S,381,386,82
55965,4900000546,COKE II 2LTR PPD $.9,2 LT,S,330,336,71
55988,4900000546,COKE II 2LTR PPD $.9,2 LT,B,380,386,80
56193,4900000550,TAB PPD $.99,2 LT,B,380,386,58
56288,4900000551,SPRITE,2 LT,B,197,201,85
56460,4900000551,SPRITE,2 LT,B,324,329,76
56484,4900000551,SPRITE,2 LT,B,376,386,83
56767,4900000569,SPRITE DIET,2 LT,B,197,201,84
56892,4900000569,SPRITE DIET,2 LT,B,324,329,73
56925,4900000569,SPRITE DIET,2 LT,B,376,386,82
57381,4900000572,FRESCA SODA,2 LT,B,376,386,76
58079,4900000639,COCA-COLA CLASSIC,2 LT,B,324,329,76
58106,4900000639,COCA-COLA CLASSIC,2 LT,S,381,386,83
58394,4900000663,DIET COKE,2 LT,B,197,201,82
58583,4900000663,DIET COKE,2 LT,B,324,330,76
58608,4900000663,DIET COKE,2 LT,S,381,386,83
59316,4900000935,COKE DIET CAFFEINE F,2 LT,B,197,201,84
59474,4900000935,COKE DIET CAFFEINE F,2 LT,B,324,330,74
59505,4900000935,COKE DIET CAFFEINE F,2 LT,S,381,386,83
60718,4900001063,DIET COKE CANS,24/12O,B,379,386,66
60896,4900001178,COCA COLA CAFF-FREE,24/12O,B,379,386,52
61417,4900001278,COKE CLASSIC CANS,24/12O,B,377,386,74
62235,4900002395,BARQ'S ROOT BEER,2 LT,B,380,386,80
62340,4900002403,BARQ'S DIET RT BEER,2 LT,B,380,386,73
63116,5020000750,HAWIIAN PUNCH N/R,2 LT,B,198,202,84
63270,5020000750,HAWIIAN PUNCH N/R,2 LT,S,310,315,71
64488,5080000149,DIET SQUIRT,2 LT,B,41,47,65
64967,5080021257,SQUIRT CANS,12/12O,B,50,55,68
65025,5080021257,SQUIRT CANS,12/12O,B,123,137,32
66376,5490000060,DR PEPPER,2 LT,S,163,176,31
66666,5490000061,DR PEPPER SUGAR/FREE,2 LT,S,163,176,31
66968,5490000066,DR PEPPER NR,6/16OZ,B,187,200,33
68071,5490073508,DIET DR PEPPER,24/12O,B,152,158,70
68260,5491300008,GRAYSON WATER (SPRNG,1.5 LT,B,124,132,55
69283,6647987270,CLEARLY CANADIAN PEA,23 OZ,B,275,281,59
69388,6647987370,CLEARLY CANADIAN BLA,23 OZ,B,275,281,63
69493,6647987470,CLEARLY CANADIAN-CHE,23 OZ,B,275,281,61
69998,6647987870,CLEARLY CANADIAN STR,23 OZ,B,275,281,67
70070,6647987970,CLEARLY CANADIAN GRE,23 OZ,B,275,281,61
70997,7020211703,A W RT BEER REG,2 LT,B,58,71,67
71176,7020211704,A W ROOT BEER SF,2 LT,B,59,74,64
71208,7020211704,A W ROOT BEER SF,2 LT,B,92,98,62
72006,7143400081,VERNORS GINGER ALE,2 LT,B,41,47,67
72039,7143400081,VERNORS GINGER ALE,2 LT,B,85,91,60
72348,7143400721,VERNORS DIET GINGER,2 LT,B,41,47,64
72372,7143400721,VERNORS DIET GINGER,2 LT,B,73,81,57
74580,7241004950,DADS ROOT BEERPPD,2 LT,B,358,366,71
74904,7241006950,DAD'S DIET ROOT BEER,2 LT,B,358,366,57
77112,7297900264,SEAGRAM'S GINGER ALE,24/12O,S,381,386,68
77250,7336023341,LACROIX ORANGE MINER,12/12O,B,368,378,42
77325,7336023905,LA CROIX WATER LIME,32 OZ,B,230,235,69
77595,7336037341,LACROIX LEMON MINERA,12/12O,B,368,378,46
77660,7336037905,LA CROIX WATER LEMON,32 OZ,B,230,235,69
78067,7336070341,LACROIX NATURAL MINE,12/12O,B,368,378,39
78371,7336070916,ARIZONA RASPBERRY IC,20 OZ,B,275,281,64
78456,7336070918,ARIZONA DT LEMON ICE,20 OZ,B,275,281,60
78537,7336070919,ARIZONA LEMON ICED T,20 OZ,B,275,281,73
79637,7478000005,PERRIER WATER N/R,25 OZ,B,220,225,76
79779,7478000007,PERRIER N.R.W-LEMON,25 OZ,B,220,225,71
86925,7747010201,A W CREAM REG,2 LT,B,58,71,58
86955,7747010201,A W CREAM REG,2 LT,B,80,90,58
87128,7747010202,A W CREAM DIET,2 LT,B,58,73,56
87158,7747010202,A W CREAM DIET,2 LT,B,80,90,56
87177,7747010202,A W CREAM DIET,2 LT,B,92,98,58
87194,7747010202,A W CREAM DIET,2 LT,B,110,121,43
87206,7747010202,A W CREAM DIET,2 LT,B,125,132,50
87491,7800000021,7-UP N.R. BOTTLES,6/16OZ,B,187,200,41
87536,7800000034,SEVEN-UP N/R,2 LT,B,75,81,69
88070,7800000062,DT 7-UP 6/16 NRS,6/16OZ,B,187,200,40
88174,7800000075,SEVEN-UP DIET,2 LT,S,163,172,46
88865,7800000531,CHERRY 7-UP,2 LT,B,45,59,60
88901,7800000531,CHERRY 7-UP,2 LT,B,83,91,66
88921,7800000531,CHERRY 7-UP,2 LT,B,112,121,66
89413,7800000831,DIET CHERRY 7-UP,2 LT,B,41,46,70
89428,7800000831,DIET CHERRY 7-UP,2 LT,B,48,59,65
89505,7800000831,DIET CHERRY 7-UP,2 LT,S,167,185,22
92525,7840000040,CANFIELD LIME SELTZE,1 LT,B,234,240,61
92850,7840000042,CANFIELDS LEMON SELT,2 LT,B,107,113,71
93174,7840000044,CANFLD'S SELTZER WIT,2 LT,B,110,120,45
93217,7840000044,CANFLD'S SELTZER WIT,2 LT,B,150,159,40
93392,7840000055,CANFIELD 50/50,1 LT,B,40,47,51
93416,7840000055,CANFIELD 50/50,1 LT,B,61,69,57
93443,7840000055,CANFIELD 50/50,1 LT,B,101,121,22
