campaign_id,treated_upc,n_stores,incr_units_total,units_ci_lo,units_ci_hi,units_p,incr_margin_total,margin_ci_lo,margin_ci_hi,margin_p,pretrend_p,pretrend_pass,placebo_p,placebo_pass,cannibalized_units_total,gross_cannibalization_rate,qvalue_units,qvalue_margin,validation_status,decision_class,confidence_tier,decision_reason,priority_rank
397,420,82,-25393.792559524045,-62.61402139912939,-40.612777623326075,3.719359069943225e-20,408418.1063968262,740.1524064084305,920.0837984567167,4.207388294197095e-73,5.542489268535706e-58,False,2.0521257718961585e-48,False,1796.75,,9.974644778484103e-20,4.513380170138702e-72,Invalid,Exclude,X,Pre-trend or placebo validation failed.,63
604,421,82,-5408.832936508008,-15.59269989752423,-6.394425860638402,2.7995090571329996e-06,139469.6384563495,256.79493787797014,310.1548119445887,2.5877049370303877e-96,1.8317788064147063e-77,False,7.66805064533827e-80,False,1796.75,,4.028561813923097e-06,6.785537390435238e-95,Invalid,Exclude,X,Pre-trend or placebo validation failed.,65
954,423,75,-75.37499999999206,-1.6925508439587742,1.357550843958809,0.8295587234852262,18815.023750000037,35.752005396353255,47.8703223814247,1.1178010322621269e-41,1.465751208964719e-44,False,5.889644230314051e-44,False,1575.0,,0.8438614600970404,4.710732921676106e-41,Invalid,Exclude,X,Pre-trend or placebo validation failed.,75
1613,426,82,-59.37222222223906,-1.7538589903241693,1.512508493485799,0.8848522797139061,31051.83583333341,54.88175793871332,71.34521699353633,4.8688415367870326e-51,1.928905833766288e-47,False,7.217485350443834e-46,False,1796.75,,0.8886176085637525,2.672201401585441e-50,Invalid,Exclude,X,Pre-trend or placebo validation failed.,72
4605,450,80,57328.79087301585,62.2980935382918,81.02388364424783,7.230188212456364e-51,238059.48711309375,276.25885024652183,318.88986753621253,7.772870301763304e-165,1.6562151987217457e-131,False,3.3550284184013074e-131,False,1572.5,0.0266972077639201,5.170680054968795e-50,1.8343973912161397e-162,Invalid,Exclude,X,Pre-trend or placebo validation failed.,64
4779,451,78,18360.43015873012,23.697668645382556,35.14986391464988,7.395736962726841e-24,114730.0874960322,164.7572765697305,202.96736284062916,2.3321931864582795e-79,7.848758536439887e-07,False,5.9683148611057255e-05,False,1696.0,0.0845614093125026,2.3586404367615332e-23,3.237632894142082e-78,Invalid,Exclude,X,Pre-trend or placebo validation failed.,66
5147,453,71,6295.18888888887,8.529525419243605,13.636632640224246,1.7888054802883364e-17,49092.99722222213,79.8918633449749,92.97080293045516,5.9117470291307625e-148,1.595212829737142e-12,False,0.904470324859762,True,1250.0,0.165668483374984,4.059212436038917e-17,6.9758614943742995e-146,Invalid,Exclude,X,Pre-trend or placebo validation failed.,67
8361,1200000016,82,-1536.3451087501414,-4.254139565429185,0.5069563733556683,0.1229341045078324,-28142.270208308335,-37.404240294679184,-31.235443140219203,1.9330963725971838e-105,7.145964929660557e-70,False,5.74366042119848e-88,False,4598.5,,0.13881554384616482,9.124214878658708e-104,Invalid,Exclude,X,Pre-trend or placebo validation failed.,234
8620,1200000017,82,-558.0243055555754,-3.0653600872935756,0.7969686012953017,0.2496869378019929,48701.88072222233,88.24997477108587,109.7251501159968,5.6431428551439565e-73,7.305540873025805e-43,False,3.35266477112209e-45,False,1796.75,,0.27280609870958483,5.79035527745206e-72,Invalid,Exclude,X,Pre-trend or placebo validation failed.,68
9003,1200000053,82,1353.2749999999944,1.433852189324114,4.067265696854726,4.2344019054896055e-05,22489.49300000005,39.68010708362229,51.740596168410434,6.277805338991809e-50,3.1614291628333335e-63,False,1.0195211979804136e-69,False,1796.75,0.5703922984738227,5.677948009633789e-05,3.2923601333379266e-49,Invalid,Exclude,X,Pre-trend or placebo validation failed.,74
9451,1200000088,77,-386.8361111111104,-1.5743355651050184,-0.1002796345101781,0.025971634605381,7679.606166666677,14.6037191604733,18.64132918007509,1.3785776844085684e-58,6.104408079411557e-11,False,4.6028783440388693e-11,False,1688.75,,0.030800531491808624,9.568950985894769e-58,Invalid,Exclude,X,Pre-trend or placebo validation failed.,79
10888,1200000190,82,1808.682170119928,0.8320876453226747,3.5793322817991013,0.0016482249499365,-17654.03698545978,-23.549566098772782,-19.50906069503156,7.054658080749117e-97,8.136949497485051e-62,False,2.3204161369716606e-85,False,4574.0,0.7166266278168848,0.002036550199921539,2.0811241338209898e-95,Invalid,Exclude,X,Pre-trend or placebo validation failed.,231
11066,1200000225,70,1721.257365050962,1.910744639245912,3.007133546613979,1.476229117910711e-18,-4622.064445274998,-7.210208872498951,-5.995689542572471,8.90285924277903e-101,1.6937753388338756e-32,False,2.1650748003432688e-39,False,3775.5,0.6868594972019465,3.5916502250198735e-18,3.0015354018512156e-99,Invalid,Exclude,X,Pre-trend or placebo validation failed.,220
11156,1200000230,82,18005.040327380622,30.5887190613729,57.24074595023989,1.0547169516096798e-10,34928.75806547611,71.20389417996572,99.1802915052836,7.615337998450657e-33,2.9907476768901492e-46,False,6.1199495164282615e-15,False,321020.875,0.9468918465716876,1.81688467576558e-10,2.8081558869286797e-32,Invalid,Exclude,X,Pre-trend or placebo validation failed.,70
11513,1200000231,78,7561.966574190401,6.739479463059519,20.96003179771118,0.0001346922989178,-164.38778077139577,-2.693224747021186,2.0910717039025206,0.8051545870965238,1.8532684131371297e-140,False,7.504952868465631e-104,False,14981.25,0.6645568945627727,0.00017659656969222666,0.8190365627361189,Invalid,Exclude,X,Pre-trend or placebo validation failed.,167
13483,1200000491,72,1669.0656901311372,1.654559407071836,2.9817341766257677,7.549305632180598e-12,-6092.345698378234,-9.410015831384383,-7.513166664110709,1.8228645168722616e-68,7.114323846294658e-22,False,1.6572470149666563e-25,False,4023.0,0.7067732909293455,1.3600275795378789e-11,1.5933186147476063e-67,Invalid,Exclude,X,Pre-trend or placebo validation failed.,224
13564,1200000492,84,8754.942708333398,17.796902232953133,23.89330114006304,5.790577748683963e-41,4100.846857638938,7.505480889225245,12.022361290007792,2.3809103685638802e-17,1.412959971177862e-51,False,4.205915876808944e-07,False,329001.125,0.9740790956984564,2.8470340597696148e-40,5.3008947828403364e-17,Invalid,Exclude,X,Pre-trend or placebo validation failed.,88
13591,1200000492,82,10561.73536706353,14.21393096631344,22.586540695928814,7.011926646518409e-18,-5796.29437301589,-12.170490158826189,-8.025657482344162,1.295242575842583e-21,3.322713824565585e-89,False,7.688131683692581e-72,False,15259.000000000002,0.590959156781573,1.6066162025032472e-17,3.286852127944619e-21,Invalid,Exclude,X,Pre-trend or placebo validation failed.,221
14053,1200000495,67,1087.2437500000028,0.6943750841757431,2.5511286471675487,0.0006127435901297,-5965.889055555608,-9.774725116371972,-8.03389893006268,2.0022793281876954e-89,3.6453067174329606e-41,False,1.9808580124267522e-43,False,3840.75,0.7793739592303658,0.0007651189802677736,3.634907088094586e-88,Invalid,Exclude,X,Pre-trend or placebo validation failed.,222
14130,1200000496,83,37377.09032738073,82.9982673380574,97.1322884565485,1.0420044126683909e-137,-10061.639684523752,-28.495258408103386,-19.994571396830366,5.104671361906402e-29,0.0136943902189837,False,7.380104520614133e-37,False,324330.5,0.896664899142562,2.4591304138974027e-135,1.7210034877284443e-28,Invalid,Exclude,X,Pre-trend or placebo validation failed.,228
14153,1200000496,85,3472.6939980159977,0.1914270336427836,11.481493968091662,0.042720971252871,-2638.4995768849626,-6.086041161154474,-2.782864979635316,1.4216305129162238e-07,8.370531729109574e-123,False,2.9566002246022047e-115,False,16216.875,0.8236277290596904,0.049665759683140666,2.13697325508426e-07,Invalid,Exclude,X,Pre-trend or placebo validation failed.,212
14704,1200000519,77,247.8708333333328,-0.026871023766735,1.099904934300643,0.0619738639499668,6547.9321527777865,12.550955280356131,15.795071355045538,9.574166091205478e-66,4.135962939874292e-13,False,7.220046762724098e-10,False,1702.5,0.872910920786432,0.0707984232302522,7.288719992014492e-65,Invalid,Exclude,X,Pre-trend or placebo validation failed.,83
14917,1200000524,75,-124.69166666666186,-0.986019096822938,0.4318339116377742,0.4436311485189101,7636.180861111128,14.773159298206371,19.165422306731976,8.244424561710394e-52,1.1284054272695133e-20,False,1.3917396151492188e-18,False,1589.5,,0.4694930540379497,4.63258142038965e-51,Invalid,Exclude,X,Pre-trend or placebo validation failed.,80
15348,1200000686,77,10704.689484126984,20.522229610552955,25.818417506879875,6.359670501949411e-66,-964.8857242063486,-2.711652737923995,-1.4653417391597654,5.0724802463810606e-11,3.2476226237952996e-12,False,4.748644056312849e-49,False,90958.0,0.8947038531200933,7.504411192300305e-65,8.43031928271782e-11,Invalid,Exclude,X,Pre-trend or placebo validation failed.,187
15356,1200000686,78,-376.5883432539936,-3.1932300227883283,1.813785542004469,0.5892145115366079,-1502.0475342262014,-3.3072116688377573,-2.194793951038438,3.1987987707453483e-22,2.52686708902293e-63,False,2.748668287903471e-44,False,14982.749999999998,,0.6072254354700413,8.295785823031892e-22,Invalid,Exclude,X,Pre-trend or placebo validation failed.,198
15944,1200000746,74,7392.374999999982,14.785134843438437,18.51385164304797,1.3522566879951419e-68,-2206.6671597222175,-5.6396662531554975,-4.300275907755393,6.24917047505634e-48,7.532766645453273e-05,False,5.174674697841074e-61,False,88280.49999999999,0.922732801747622,1.9945786147928342e-67,3.137881344921907e-47,Invalid,Exclude,X,Pre-trend or placebo validation failed.,209
15951,1200000746,84,3061.047519841323,5.347375041854159,9.229041719294996,1.8384453231521498e-13,-57.15861607143217,-0.5887465366418452,0.3165626505874063,0.5556808558338346,2.2714865235114103e-78,False,3.1934878045371474e-62,False,15662.125,0.8365102112584035,3.585728068296755e-13,0.5777122554043391,Invalid,Exclude,X,Pre-trend or placebo validation failed.,161
16836,1200000801,76,20224.5111111113,39.19537474394837,49.50862135741699,9.225220740848968e-64,-2771.9089722222507,-6.662462901752118,-5.495032590450736,1.3391558738639768e-92,0.3072497614025291,True,3.121229353221593e-05,False,0.0,0.0,9.46587867321894e-63,2.8730980566536226e-91,Invalid,Exclude,X,Pre-trend or placebo validation failed.,215
17039,1200000812,78,81.1186507936531,-1.5990772147199956,1.8962151297150616,0.8676704064092406,-837.1524871031781,-1.9934393022288193,-1.073053324522749,6.572453738531669e-11,3.384749782028878e-69,False,2.3013624633719408e-58,False,15307.500000000004,0.9947286593660912,0.8750863927888067,1.0846846729324991e-10,Invalid,Exclude,X,Pre-trend or placebo validation failed.,184
17279,1200000820,77,12610.5138888889,24.394797643324473,30.1961715726448,5.905386312713862e-76,-2347.345999999998,-5.534333780132354,-4.627337215538636,7.144005637469226e-107,3.437113114489829e-11,False,0.613776564956426,True,0.0,0.0,1.1613926415003928e-74,4.214963326106844e-105,Invalid,Exclude,X,Pre-trend or placebo validation failed.,211
18198,1200000863,75,10597.759027777804,20.623744722154136,26.47740651241389,4.946921097309003e-56,-1426.3456875000002,-3.4862938936147527,-2.853020273051915,1.043563693973632e-85,0.3918353093404055,True,1.1408388650428118e-08,False,0.0,0.0,3.8915779298830826e-55,1.641873545185181e-84,Invalid,Exclude,X,Pre-trend or placebo validation failed.,194
18573,1200000878,76,8085.111805555632,15.690704661590582,19.77031202944289,4.401496319451288e-65,-1516.46713194446,-3.625361022226085,-3.025810609109266,8.036968268378073e-105,1.7136115886660694e-05,False,0.0196974077700631,False,0.0,0.0,4.946443482811924e-64,3.1612075188953753e-103,Invalid,Exclude,X,Pre-trend or placebo validation failed.,199
19394,1200010054,72,-6541.425163193591,-18.40552010084871,-11.878855654677178,9.508486200636868e-20,796.1475159636796,0.6490942044574335,3.036773925004046,0.0024813860838391,0.0182608273072023,False,5.986730522230722e-13,False,0.0,,2.465937080604726e-19,0.0030342337605493656,Invalid,Exclude,X,Pre-trend or placebo validation failed.,120
19441,1200010055,68,-3097.835326327931,-9.45145196413142,-5.734015321789808,1.1819668180447133e-15,411.6054778753262,0.075004203781324,1.9426697073722352,0.0342271282568464,0.0003159866674047,False,4.75570189459444e-10,False,0.0,,2.51301053205903e-15,0.040388011343078754,Invalid,Exclude,X,Pre-trend or placebo validation failed.,134
20485,1660000006,68,3236.600986193343,3.7951262152453142,8.104142116347859,6.218399518095725e-08,962.012468989711,1.0465415308210289,2.4902690169352617,1.575012496258298e-06,0.0002238600861224,False,0.4343783355879075,True,3890.0,0.5458422616246169,9.347403097264912e-08,2.2391743922708332e-06,Invalid,Exclude,X,Pre-trend or placebo validation failed.,117
20495,1660000006,76,-6151.056720430062,-17.96245454315013,-9.015864406104532,3.416006963899825e-09,-2749.586150921636,-7.129920208495444,-4.9296681727398015,6.4231871780001936e-27,6.713764719581994e-05,False,6.823393795509428e-08,False,839.5,,5.677307348453231e-09,1.9686651610494098e-26,Invalid,Exclude,X,Pre-trend or placebo validation failed.,213
20505,1660000006,72,9522.33237082064,11.78170854304232,17.608206181712738,4.767969124139515e-23,647.6026534954391,0.5631320445727865,1.4356415773267168,7.12398421000692e-06,0.1491158411892718,True,0.0122237451500851,False,224.24999999999997,0.0230080649265696,1.4805798859170074e-22,9.774769032335078e-06,Invalid,Exclude,X,Pre-trend or placebo validation failed.,125
20525,1660000006,34,19529.96385852535,19.15403293435634,28.71352554242147,9.781900439128368e-23,1957.0778773359452,1.8436347838716751,2.953124719402701,2.3773571644242676e-17,0.0294083606683342,False,0.87024720710341,True,0.0,0.0,2.998088965758824e-22,5.3008947828403364e-17,Invalid,Exclude,X,Pre-trend or placebo validation failed.,104
20558,1660000006,29,-4418.257374768065,-13.664729455488986,-6.6490975549388995,1.3861265558820682e-08,-1976.537292620074,-5.53456881016573,-3.5529589719955292,2.5117213139157243e-19,3.443417611985946e-09,False,0.7262177699409771,True,22285.5,,2.1521438630800535e-08,6.174648230042822e-19,Invalid,Exclude,X,Pre-trend or placebo validation failed.,207
20562,1660000006,47,-4451.6963453661,-9.161069812003984,-5.410767652369502,2.6275371554934456e-14,-1622.1870168970806,-3.0274001809950306,-2.282540954510962,2.3052275111028505e-44,2.998835233784711e-32,False,1.3683646793102186e-30,False,7833.999999999999,,5.3101588669344294e-14,1.0264786653212692e-43,Invalid,Exclude,X,Pre-trend or placebo validation failed.,203
20573,1660000006,35,2684.8406249999907,0.8981545213845865,7.176554125231926,0.0117112315970309,-1697.3294890872946,-3.814230732544857,-1.2905196105748264,7.356533120925363e-05,0.0582417548280988,True,0.0004422988545655,False,3169.125,0.5413637870482038,0.014246652870614909,9.53924075021091e-05,Invalid,Exclude,X,Pre-trend or placebo validation failed.,204
20577,1660000006,46,-3360.2978835978984,-5.7727488882589375,-2.8213633460067866,1.1484914142347466e-08,-683.0285706349214,-1.227151793299458,-0.5197243464317989,1.2996342304582123e-06,6.523135768733426e-11,False,4.7091306620522455e-11,False,538.75,,1.806959825062668e-08,1.858870778109928e-06,Invalid,Exclude,X,Pre-trend or placebo validation failed.,182
20591,1660000006,42,9065.850595238124,10.779508629196442,20.056717885218948,7.285295375339326e-11,4071.691650793667,5.171791040644676,8.677500288585485,9.722768097803114e-15,0.8865916577958003,True,0.8001739242963049,True,0.0,0.0,1.2642130210147653e-10,1.8655067244565322e-14,Valid,Keep,A,"Validated, incremental units and margin are both decisively positive with acceptable cannibalization.",3
20606,1660000006,82,4520.726388888912,4.7359784367707425,7.5153125900284765,5.6453918502975194e-18,-1563.617416666654,-2.7322012460426555,-1.5052443275797127,1.2969794671499475e-11,1.0057968253835456e-05,False,0.000104387463766,False,244.75,0.0513589786260727,1.3191212640299153e-17,2.234212804725457e-11,Invalid,Exclude,X,Pre-trend or placebo validation failed.,202
20612,1660000006,80,7254.797845805005,12.806287214889814,17.42203714263104,1.0345033662626716e-37,107.18375736961268,-0.3841747641143041,0.8307737531543571,0.4712437822491724,0.0169197314924235,False,1.201377303744162e-14,False,11.571428571428562,0.0015924635997007,4.521162859962787e-37,0.49648898486966375,Invalid,Exclude,X,Pre-trend or placebo validation failed.,150
20625,1660000006,82,14301.882142857065,18.783082554445617,24.82021666158202,1.7179410517776228e-45,1384.3367301587252,1.6171235862410904,2.6034152252184377,4.9837796169739876e-17,1.5857553541198149e-06,False,0.0019150472361829,False,0.0,0.0,1.0395745851782538e-44,1.0890481385239454e-16,Invalid,Exclude,X,Pre-trend or placebo validation failed.,109
20832,1660000026,69,564.5901664011245,-3.4038128394103593,5.7416603193322,0.6163545926255884,361.2167187555295,-0.1500407056204292,1.645762108334837,0.1025845151272591,0.6338596319658032,True,0.0103228664524918,False,953.25,0.6280305536123766,0.6324334080853864,0.11366171629123542,Invalid,Exclude,X,Pre-trend or placebo validation failed.,137
20847,1660000026,69,4156.756568431566,4.825672614308207,8.561627122991522,2.1673142962502728e-12,865.3130252247743,0.9515263270154252,1.8353111133220117,6.39588583888348e-10,0.65788426158438,True,0.1785051036070855,True,194.0,0.0445899458976019,4.091889391320515e-12,1.0268224884193887e-09,Valid,Keep,A,"Validated, incremental units and margin are both decisively positive with acceptable cannibalization.",13
20862,1660000026,68,-1140.03826164875,-4.445087318379686,0.2537701799651635,0.0804187941563146,-956.6157258064488,-2.350078193005394,-1.1668913871653743,5.6803985994355525e-09,1.1599262287001164e-09,False,4.429560274015329e-05,False,13794.0,,0.09124440106197233,8.819566246492043e-09,Invalid,Exclude,X,Pre-trend or placebo validation failed.,186
20885,1660000026,33,5024.1460275960435,6.7046818693853245,9.321302269677018,3.378429698437994e-33,-1100.0275309103092,-2.282484720490331,-1.2263750272299534,7.422576074184302e-11,0.7737622404651991,True,0.7749568349294096,True,0.0,0.0,1.3513718793751976e-32,1.2164777454913161e-10,Valid,Redesign,B,"Drives volume but loses margin ($-1,100) — review discount depth, cost structure, or eligible assortment.",40
20920,1660000026,63,7338.4266622210525,5.1439447270789955,12.776511102520644,4.18880590634216e-06,2232.271916238368,1.860219390456248,3.590994080211317,6.697929214581536e-10,6.0834835780081333e-05,False,0.0011780505085025,False,159.12499999999997,0.021223595003927,5.955169842751505e-06,1.0680481720548936e-09,Invalid,Exclude,X,Pre-trend or placebo validation failed.,100
20933,1660000026,28,-3242.4675742045774,-10.328509830682725,-5.111811951243835,6.588969079493481e-09,-1435.8837559612773,-4.165116808923179,-2.6724248861305218,2.7582142063598463e-19,0.0067445260552169,False,0.7913908291402836,True,22095.5,,1.0650662347674393e-08,6.710706728875502e-19,Invalid,Exclude,X,Pre-trend or placebo validation failed.,195
20941,1660000026,41,-4049.088266178295,-8.499331834453574,-4.668434884825432,1.6180759366937638e-11,-576.7261586080645,-1.516323578825567,-0.3592086442900899,0.0014888622442284,6.963391847681015e-14,False,2.965792196226923e-11,False,2141.375,,2.871172338794949e-11,0.0018396413070047247,Invalid,Exclude,X,Pre-trend or placebo validation failed.,179
20967,1660000026,30,3410.649156746031,2.8549491890162675,9.11224083465402,0.0001779175855725,-162.36900744047705,-1.0313830633748184,0.4616672477941972,0.4545325367699211,0.2289282017426136,True,0.1541446546428425,True,3171.5,0.4818335052084829,0.00023070631975335163,0.4810299492273604,Valid,Monitor,C,Validated but not statistically decisive on units and/or margin after FDR correction.,54
20976,1660000026,41,2476.328190215976,2.515318391639564,5.034462676092071,4.255609107912571e-09,314.85988542805,0.2935167593573621,0.6664219157281562,4.526398610515488e-07,6.384633590098757e-12,False,1.2614762451748095e-09,False,1957.0,0.4414290835311838,6.974470482412269e-09,6.622145761471757e-07,Invalid,Exclude,X,Pre-trend or placebo validation failed.,143
20991,1660000026,80,902.274553571441,-0.0198178887803979,4.5311906566376035,0.0520289418366878,-142.4213759920641,-1.0312452974371262,0.3191384174768059,0.3013414758925299,0.9883000663771592,True,0.7910301313712238,True,128.625,0.1247696728108887,0.0598967330412601,0.3262228821588856,Valid,Monitor,C,Validated but not statistically decisive on units and/or margin after FDR correction.,52
21006,1660000026,36,1984.1036706349169,2.5479331886609766,5.325494075763297,2.763083425271539e-08,1325.861125992058,1.9797170115361011,3.281636663035558,2.362519729090592e-15,0.1550334255835685,True,0.4518450780126345,True,0.0,0.0,4.262011035059367e-08,4.806505655736032e-15,Valid,Keep,A,"Validated, incremental units and margin are both decisively positive with acceptable cannibalization.",10
21032,1660000026,78,4382.12500000004,4.965288504411028,7.519398105275696,9.661687259381165e-22,-444.69631944443967,-1.155917335282135,-0.1110237457561545,0.0174791545443308,0.0783911263273532,True,0.3657063605861737,True,247.0,0.0533578160019437,2.7806807234316522e-21,0.020729047600311905,Valid,Redesign,B,"Drives volume but loses margin ($-445) — review discount depth, cost structure, or eligible assortment.",35
21044,1660000026,75,5127.142573696108,9.55088690140156,13.236413426136698,8.450144021121709e-34,1026.3315136054343,1.7027934702258165,2.8586799235761147,1.0372575200662974e-14,0.0002143477254519,False,2.4479105640470215e-14,False,0.0,0.0,3.438334463766764e-33,1.974135280126179e-14,Invalid,Exclude,X,Pre-trend or placebo validation failed.,114
21069,1660000026,82,10580.305555555487,13.776709613543549,18.480319519247573,3.4631531257825776e-41,1442.8235873015758,1.7127959318214052,2.686056468488277,8.1125285669214e-19,0.1506131310533157,True,0.5872770850939477,True,0.0,0.0,1.7389449737972093e-40,1.9145567417934505e-18,Valid,Keep,A,"Validated, incremental units and margin are both decisively positive with acceptable cannibalization.",8
21128,1660000036,72,2878.358067831484,-4.680577947462586,14.674876794099683,0.3115196355621099,1089.6398893456749,0.0430061333014457,3.74046570470437,0.0449034580701855,0.7047879085014304,True,0.7638922851298564,True,884.0,0.2349590294337701,0.33570152508062984,0.051947137767469495,Valid,Monitor,C,Validated but not statistically decisive on units and/or margin after FDR correction.,45
21141,1660000036,69,4472.038188940089,5.225684404476782,9.177015076811749,9.05756226609222e-13,905.4430208525342,0.9917196960774656,1.924360886378361,8.887811681452323e-10,0.1424327808926497,True,0.0066000805069264,False,225.37499999999997,0.0479785343411216,1.7238586248369064e-12,1.4077339307535222e-09,Invalid,Exclude,X,Pre-trend or placebo validation failed.,118
21165,1660000036,32,11100.46281455671,10.731982172778435,17.019174863613337,5.099574106389902e-18,-2093.9297526132336,-3.3471690270395182,-1.887655354493566,2.068520978936384e-12,0.6795487828637699,True,0.7183597818713305,True,0.0,0.0,1.203499489108017e-17,3.698264780522626e-12,Valid,Redesign,B,"Drives volume but loses margin ($-2,094) — review discount depth, cost structure, or eligible assortment.",44
21217,1660000036,45,-3434.217814785101,-7.375901875139,-3.5263769019565583,2.843101083116719e-08,-992.6499216604312,-2.187816770682198,-0.9634528218906008,4.545710226095019e-07,7.545743802755796e-11,False,2.7505435604805134e-14,False,9126.999999999998,,4.356960101399647e-08,6.622145761471757e-07,Invalid,Exclude,X,Pre-trend or placebo validation failed.,189
21244,1660000036,29,7688.701785714275,9.951869246451013,17.9563042044175,8.281635356155298e-12,-284.15647123015435,-1.4039090749757444,0.3724881267719174,0.2551186263295806,0.001006954746678,False,0.0062320657795063,False,3039.8749999999995,0.2833437333503331,1.4806560182217048e-11,0.2787407213600973,Invalid,Exclude,X,Pre-trend or placebo validation failed.,170
21250,1660000036,45,3142.513535631881,2.361040149445654,5.854681512337041,4.044290669621013e-06,598.6880175922026,0.544277483165071,1.0209199484485307,1.2256192934928995e-10,2.753402856929781e-16,False,1.34203053970788e-12,False,490.5,0.1350118834376125,5.784561200185206e-06,1.9948010569953397e-10,Invalid,Exclude,X,Pre-trend or placebo validation failed.,127
21277,1660000036,50,6041.024305555542,6.713367381817707,10.546702062626697,1.094761610411456e-18,2900.6658611111084,3.4451035001294943,4.842513245902244,3.113741683731657e-31,0.0081539193266524,False,0.0277713510354486,False,0.0,0.0,2.6912889589281627e-18,1.0967806527771208e-30,Invalid,Exclude,X,Pre-trend or placebo validation failed.,96
21297,1660000036,81,5820.718402777756,6.279518618864198,9.689530497124156,4.371771001162701e-20,37.3125381944424,-0.4736091944082722,0.5759755543381554,0.8484034073002369,0.0002949769018547,False,1.2964963862510934e-05,False,232.25,0.0383696038944162,1.1592561306453903e-19,0.8593270563212699,Invalid,Exclude,X,Pre-trend or placebo validation failed.,155
21305,1660000036,81,6909.961337868457,12.042306733487282,16.393748154860283,1.4773044668411883e-37,196.5284835600931,-0.2185484656725334,1.0273076572778548,0.2032562453185483,0.0004903738531494,False,8.450406213336609e-20,False,7.857142857142861,0.0011357833223052,6.338979166809463e-37,0.22310918090780185,Invalid,Exclude,X,Pre-trend or placebo validation failed.,144
21320,1660000036,82,14061.65119047611,18.46528247716312,24.405605298678683,2.0074243595539683e-45,732.7087341269746,0.5717471943766895,1.6621208974738426,5.934172565282037e-05,1.7655842032474175e-05,False,3.352623613806066e-05,False,0.0,0.0,1.1843803721368413e-44,7.780359585592004e-05,Invalid,Exclude,X,Pre-trend or placebo validation failed.,121
21395,1660000064,69,5542.953373015882,6.419450152702298,11.432251531728882,2.954573521500016e-12,554.7634910714305,0.4691462915694944,1.3175316184834218,3.6651441587956826e-05,0.0054045401523257,False,0.0005184827527503,False,213.25,0.0370469884715471,5.490388591133888e-12,4.859404615032478e-05,Invalid,Exclude,X,Pre-trend or placebo validation failed.,130
21418,1660000064,36,13146.191627207658,15.139834165672124,23.299322639028627,2.6231231864995054e-20,1113.3753333016166,1.1663018661111646,2.089181564595316,4.717515242676315e-12,0.0622978274869301,True,0.9969878809280582,True,0.0,0.0,7.11559852889521e-20,8.246915535345262e-12,Valid,Keep,A,"Validated, incremental units and margin are both decisively positive with acceptable cannibalization.",12
21449,1660000064,65,-7081.182059666238,-10.744738888213158,-6.015455335848943,3.759162946988821e-12,966.4315983432696,0.8714215775189138,1.4159904895657482,1.8311658963896447e-16,5.2734560095348205e-20,False,1.0842838443693829e-17,False,160.62500000000003,,6.930956683510639e-12,3.9286831958905107e-16,Invalid,Exclude,X,Pre-trend or placebo validation failed.,116
21468,1660000064,48,-301.42254385963133,-1.7636623947565928,0.7975644977705949,0.4597243653038859,-1473.081146616541,-2.78842752845771,-1.932986403005562,2.841876414880795e-27,1.1287076008438038e-06,False,6.31499918806272e-09,False,8925.375,,0.48219977871874253,8.94243778549157e-27,Invalid,Exclude,X,Pre-trend or placebo validation failed.,196
21493,1660000064,32,3840.249305555572,1.0227288122366085,11.609670219196191,0.0193540606360493,-1527.0984097222254,-3.760877155960758,-1.2624728760202466,8.122745301544819e-05,0.0468470034712555,False,0.0579942233078308,True,3112.0,0.4476249143587512,0.023068476313674924,0.00010475234377948509,Invalid,Exclude,X,Pre-trend or placebo validation failed.,200
21501,1660000064,40,-4199.0645243368035,-5.889359033647787,-2.1857650516152978,1.9251141379012138e-05,-1084.312400582696,-1.468426587839722,-0.616789567127001,1.595135504037908e-06,1.2766649020227415e-06,False,3.7095334704721543e-06,False,186.75,,2.6568826698519676e-05,2.247473506093666e-06,Invalid,Exclude,X,Pre-trend or placebo validation failed.,190
21532,1660000064,38,4388.740476190473,4.080817996656593,12.418206349924132,0.0001050542100947,3507.167202380955,4.8859577246933785,8.298881382001943,3.682253698434192e-14,0.7270168844001723,True,0.9053851003599986,True,0.0,0.0,0.000139285357204209,6.952094982643753e-14,Valid,Keep,A,"Validated, incremental units and margin are both decisively positive with acceptable cannibalization.",4
21555,1660000064,80,3225.4875000000316,2.9516449680329737,6.0080425319671145,9.162625811493091e-09,-2046.65638888892,-3.529612165742154,-2.1555444700604016,5.091980134994068e-16,0.1933386823140989,True,0.0629973334309056,True,251.24999999999997,0.0722660252607502,1.4512615379277649e-08,1.0634577981049559e-15,Valid,Redesign,B,"Drives volume but loses margin ($-2,047) — review discount depth, cost structure, or eligible assortment.",43
21566,1660000064,77,4009.054988662148,6.909291092953028,10.445925308181812,6.707722609170233e-22,-1119.7539648526115,-2.969251563711838,-1.8781681975548792,3.1024936221045058e-18,0.0121923873696658,False,0.0072261890825773,False,9.857142857142854,0.0024526893185436,1.9787781697052187e-21,7.178318576633955e-18,Invalid,Exclude,X,Pre-trend or placebo validation failed.,191
21584,1660000064,80,7185.732936507999,9.15348605169116,13.301929374896336,2.699534023582008e-26,1192.7730158730303,1.4533438331420636,2.2740718414611565,5.5163476709079525e-19,0.0865419801422227,True,0.7580942015090067,True,0.0,0.0,9.652879235838697e-26,1.3284265819737518e-18,Valid,Keep,A,"Validated, incremental units and margin are both decisively positive with acceptable cannibalization.",11
21611,1660050570,60,-929.095995670999,-2.7373701304281814,-1.1338631848676473,2.2253508322668063e-06,-1883.7966291486357,-4.632235944980598,-3.21691667647205,1.607775280106025e-27,0.9678052968983968,True,0.3181357691447658,True,720.0,,3.2219803461040875e-06,5.127499541959755e-27,Valid,Kill,D,Validated and confidently negative on both units and margin.,60
21636,1660050570,45,755.3178216916075,0.3919781915287397,1.2865058566748324,0.0002353837667182,1919.2110411349172,1.8141843377067224,2.450729087037538,2.160083018554614e-39,0.4059366299721818,True,0.8343395251039003,True,206.0,0.2142891719592869,0.00030190526600812605,8.789303316877395e-39,Valid,Redesign,B,Positive on both metrics but cannibalization (21%) exceeds threshold — narrow the product/store scope.,23
21681,1660050570,56,1011.6787862647006,1.796977604141306,2.719445548826107,8.308599522926854e-22,-102.88722691843346,-0.4953557429459897,0.0360377656315546,0.0902416523383584,0.0087322026347412,False,0.2452938313837365,True,19.0,0.0184344533458947,2.420777144951528e-21,0.10093379124100751,Invalid,Exclude,X,Pre-trend or placebo validation failed.,163
21711,1660050570,40,113.94607728337022,-0.6561475827996078,1.174084297724018,0.5791343830461937,-775.1081208040622,-2.4374491887124305,-1.085769542215125,3.243117973819613e-07,0.231353135211705,True,0.1041144147458399,True,1139.3750000000005,0.9090846875962916,0.5994548877144812,4.813684539757413e-07,Valid,Monitor,C,Validated but not statistically decisive on units and/or margin after FDR correction.,56
21739,1660050570,57,707.4377976190425,0.5937910244885216,1.6627888722229376,3.5134416153682945e-05,1010.9811770833272,1.2681288424479824,1.956691499125629,4.3385286031205794e-20,0.0007415630377165,False,8.612805578687853e-05,False,17.5,0.0241400021594629,4.738126978439528e-05,1.0892476067409114e-19,Invalid,Exclude,X,Pre-trend or placebo validation failed.,115
21770,1660050570,53,3468.824107142853,3.7137032052647454,5.636227002667472,1.5425888301834453e-21,2366.7094890872986,2.572368398821226,3.806902461252355,4.158082215797279e-24,0.6191461428911587,True,0.8144412825207479,True,0.0,0.0,4.386156191846905e-21,1.1822980758170576e-23,Valid,Keep,A,"Validated, incremental units and margin are both decisively positive with acceptable cannibalization.",6
21806,1660050570,65,93.86527777778144,-0.576603298866263,0.8975102314398749,0.6696167342868059,-1494.5875000000096,-3.0109307130474474,-2.098770141653441,4.809539968800197e-28,0.0100687818436975,False,0.00305297329784,False,220.25,0.7011757007114257,0.6841106029943126,1.5764603231067313e-27,Invalid,Exclude,X,Pre-trend or placebo validation failed.,197
22170,1660051170,40,-255.98476035365343,-1.0696552776724064,-0.2102685240958607,0.003510846337384,-586.1467149061596,-1.7313566109862937,-1.1993769635445046,3.531098515324839e-27,0.002599597420767,False,0.0029452378406167,False,62.0,,0.004315415289701166,1.0964990126535026e-26,Invalid,Exclude,X,Pre-trend or placebo validation failed.,180
22206,1660051170,46,669.3279245031397,1.2334115744749856,2.0000566598396987,1.3793445001193903e-16,33.241503934907875,-0.1197297483181878,0.2803167238491437,0.4314163344904524,4.296071554229595e-05,False,5.942953232325892e-05,False,12819.875,0.9503804688646722,3.070993415360152e-16,0.46069798615270036,Invalid,Exclude,X,Pre-trend or placebo validation failed.,156
22379,1660051170,31,133.13134920634928,-0.3216067245352335,0.9351152462234792,0.3386589629900626,250.6290099206336,0.3041102985266608,0.8508620974209595,3.468855758531769e-05,0.4789948276016528,True,0.3747415143958597,True,0.0,0.0,0.3632887057529763,4.625141011375692e-05,Valid,Monitor,C,Validated but not statistically decisive on units and/or margin after FDR correction.,46
22655,1660051209,70,7651.489462488572,9.89075245674668,14.39969028131228,4.631707285358216e-26,415.6405084426236,0.3182776986057284,1.0012159789899018,0.0001525913744172,0.9177246234114002,True,3.5620961411894675e-08,False,14546.25,0.6553032134006871,1.6314670437978192e-25,0.00019465710466194162,Invalid,Exclude,X,Pre-trend or placebo validation failed.,133
22851,1660051219,68,7849.011083900274,10.599799252879595,15.050563766402345,1.3805320885754788e-29,467.77774786848374,0.4273285328393329,1.1013569177112674,8.78238044983795e-06,0.5313941199739489,True,2.8590231940269613e-08,False,14860.750000000007,0.6543772056913137,5.171517030219254e-29,1.198058835931651e-05,Invalid,Exclude,X,Pre-trend or placebo validation failed.,131
23402,1660051312,72,8235.864498019457,11.878270020884177,16.718481708350048,5.217765837312347e-31,75.56917456042876,-0.5449185045717444,0.8073114717954555,0.7037075283336033,0.3537279431745436,True,1.9982906705006108e-12,False,14846.0,0.6431889417457529,2.0186766190257604e-30,0.7252182388066829,Invalid,Exclude,X,Pre-trend or placebo validation failed.,153
23619,1660051344,72,2809.342460317462,3.290747490001589,6.463913830545154,1.689588838878584e-09,762.8277182539687,0.7891930522661271,1.8595143027823755,1.2327960653475242e-06,0.4398972044034666,True,0.542368955893427,True,0.0,0.0,2.827964297697488e-09,1.774023606231803e-06,Valid,Keep,A,"Validated, incremental units and margin are both decisively positive with acceptable cannibalization.",17
23719,1660051348,66,1396.6575396825583,1.511394776100046,3.7789746923944936,4.815087345624478e-06,399.491865079371,0.5535508023628054,0.9596759593014786,2.8174114565365563e-13,0.0678966918509176,True,0.2828402174560926,True,0.0,0.0,6.804554572259741e-06,5.194602372989276e-13,Valid,Keep,A,"Validated, incremental units and margin are both decisively positive with acceptable cannibalization.",20
23913,1660051397,69,1964.154761904775,2.348519385944919,4.767983374579628,8.168201640676318e-09,88.46485317460821,-0.3959377899474485,0.7164626202902318,0.5722505519944281,0.9234152526058076,True,0.7320549281167972,True,0.0,0.0,1.3024970183781155e-08,0.5923295187310748,Valid,Monitor,C,Validated but not statistically decisive on units and/or margin after FDR correction.,49
24023,1660051470,64,195.9513251275237,-0.0221259380564958,0.8969086395186551,0.0620986169858568,157.03428858948834,0.114215551560221,0.5868303796428519,0.0036458388566171,0.0293170970699712,False,0.2237328327463589,True,821.25,0.8073622986059737,0.0707984232302522,0.004389887602865488,Invalid,Exclude,X,Pre-trend or placebo validation failed.,147
24040,1660051470,55,-620.3562460503304,-1.531024770389339,-0.7248161243391351,4.154686683710325e-08,-1201.4919960689206,-2.476978597329569,-1.8920832065574151,1.547580155633453e-48,0.9922707606247504,True,0.5441731143266699,True,150.25,,6.325845531326688e-08,7.939759059336845e-48,Valid,Kill,D,Validated and confidently negative on both units and margin.,59
24063,1660051470,65,820.9512651265136,0.9347716134840586,1.871899378401458,4.356995564018446e-09,-23.047161716171136,-0.2613141825366751,0.1825204672677139,0.7278767564633294,0.0079777867214433,False,0.0991198725879605,True,16601.0,0.9528783399383162,7.091385883505884e-09,0.7468648457623728,Invalid,Exclude,X,Pre-trend or placebo validation failed.,159
24151,1660051470,54,812.863293650797,0.8458047761430084,1.8911086704926716,2.870408816135018e-07,856.195336805559,1.0790539182141965,1.8037586636227023,6.3614239925594916e-15,0.2101524622657259,True,0.1447333258302626,True,42.25,0.0494086576757788,4.2338530037991517e-07,1.2407405473091241e-14,Valid,Keep,A,"Validated, incremental units and margin are both decisively positive with acceptable cannibalization.",14
24196,1660051470,37,1129.2597877993053,1.532497614706194,2.8275787860633246,4.1533933241251206e-11,469.1268560835367,0.4739549801601245,1.3373456224790137,3.925975419472923e-05,0.786981329084526,True,0.5790999252707237,True,0.0,0.0,7.314931526071107e-11,5.1761463631039655e-05,Valid,Keep,A,"Validated, incremental units and margin are both decisively positive with acceptable cannibalization.",19
24251,1660051470,53,1110.85138888888,1.8196749505581729,2.8379828644895415,3.1108058528429323e-19,-468.6961111111128,-1.2678012506883507,-0.6973816051234429,1.4544388962939568e-11,0.000148071545277,False,8.504105015490768e-08,False,196.75,0.1504663436975898,7.894087970655183e-19,2.487301300908506e-11,Invalid,Exclude,X,Pre-trend or placebo validation failed.,175
24465,1660051572,66,3279.3277777777776,4.85061102942827,7.571085098517857,3.5805536565649693e-19,546.2118373015874,0.727505281867316,1.3414789503356666,3.9822377674959385e-11,0.6010607937359191,True,0.5458705224953171,True,0.0,0.0,8.989475137758859e-19,6.665305766872636e-11,Valid,Keep,A,"Validated, incremental units and margin are both decisively positive with acceptable cannibalization.",18
24583,1660051574,53,6220.494444444419,11.913742364224197,17.42821256240042,1.8323321208094811e-25,3012.4766388888806,5.982370773762112,8.227424692694873,2.444318086815694e-35,0.8814403184881603,True,0.5239072607470503,True,569.0,0.0838059452962054,6.359270301632905e-25,9.304178524008124e-35,Valid,Keep,A,"Validated, incremental units and margin are both decisively positive with acceptable cannibalization.",5
25156,1660053102,68,5101.866070294815,7.069560812307803,9.603204123296166,4.640945028538869e-38,184.5336750113398,-0.0252051991741311,0.6282564247013853,0.0704874797896343,0.0245569290268469,False,3.2649725948259605e-12,False,15268.999999999993,0.7495508510688971,2.0665340127078734e-37,0.07997617899208506,Invalid,Exclude,X,Pre-trend or placebo validation failed.,146
25576,1690000012,48,849.7551544746648,0.1443174048339404,3.3963290721438293,0.0328491578207005,-1312.5195240648409,-3.4159916297298665,-2.0528397205403035,3.744942384179214e-15,0.0260841460247646,False,5.635672734273077e-08,False,10198.75,0.9230886764685527,0.038378223988541176,7.553900877489696e-15,Invalid,Exclude,X,Pre-trend or placebo validation failed.,193
25756,1690000012,79,13503.380348652909,13.910693454326331,17.167282031641236,4.57999535451916e-78,425.81567353407166,0.2172133302248567,0.7627997273909584,0.0004305750927626,0.083049658519404,True,0.0022494877717224,False,13756.124999999998,0.5046358994434134,9.826171851513834e-77,0.0005405091589998596,Invalid,Exclude,X,Pre-trend or placebo validation failed.,132
26080,1690000083,71,11634.499255952462,20.26338658020931,26.55552390652092,3.5604110448364115e-48,9985.1955099207,17.55829967837799,22.623573600980972,1.640787708443158e-54,0.4058476554911341,True,0.1829457521874445,True,0.0,0.0,2.270964882652414e-47,9.928869210066289e-54,Valid,Keep,A,"Validated, incremental units and margin are both decisively positive with acceptable cannibalization.",1
26183,1690000301,45,406.3684523809522,0.0573647315540877,1.3319291227397658,0.0326476832807214,-56.64450744047568,-0.3419463851779662,0.1482899494840323,0.4387900120933263,0.0213060418584473,False,0.0729031045522018,True,5437.875,0.9304668849454932,0.03833260325497637,0.4664614542974099,Invalid,Exclude,X,Pre-trend or placebo validation failed.,160
26217,1690000301,57,1545.3684443371883,2.384267556862248,3.6405606861677264,5.485652936104863e-21,117.00967583654948,0.0161222904757444,0.4400557829610957,0.0349411491669074,0.0563919263806346,True,0.7593747172322376,True,170.125,0.0991697173554229,1.523075403436174e-20,0.041025428872587796,Valid,Keep,A,"Validated, incremental units and margin are both decisively positive with acceptable cannibalization.",21
26259,1690000301,38,285.25434618291905,0.006643648152529,1.3582096828662222,0.0477898394241234,-145.70116726055528,-0.7158486829520594,0.018713911370455,0.0628715403850557,0.545565874479589,True,0.1374430910854584,True,65.125,0.185869974099446,0.05528628482398589,0.07237894405303973,Valid,Monitor,C,Validated but not statistically decisive on units and/or margin after FDR correction.,53
26406,1690000301,66,1114.2234126984197,1.2455217367642626,2.1309128471703422,7.760829067792592e-14,-201.9489172335615,-0.510518704638073,-0.1014477112212041,0.0033669137094058,0.0195881405152068,False,0.1593601505695724,True,21.857142857142858,0.0192390783824782,1.5521658135585184e-13,0.004074828899588558,Invalid,Exclude,X,Pre-trend or placebo validation failed.,168
26614,1690000302,66,2019.564437984499,2.756910833404307,4.042969429169762,3.650380480441623e-25,156.13767372646817,0.0653244099915062,0.4603916631615852,0.0091039843979144,0.5111971709157446,True,0.0418596909995189,False,201.5,0.0907222665646075,1.213365906174962e-24,0.010906296029988825,Invalid,Exclude,X,Pre-trend or placebo validation failed.,148
26692,1690000302,68,525.9739087301618,0.5037902525680755,1.706184153861176,0.000315326557654,-352.07423214285365,-1.021197716922959,-0.4581057794755859,2.61826354724225e-07,0.0229849525192019,False,0.0450381234739529,False,9940.125,0.9497449896740964,0.00040225441949375137,3.91082403258969e-07,Invalid,Exclude,X,Pre-trend or placebo validation failed.,171
26713,1690000302,71,515.0545351473957,0.311326300985969,1.1395315444996523,0.000595878242838,-1070.9931666666737,-1.8010468388061418,-1.2158353208182908,5.303089208826746e-24,0.3473176547730972,True,0.5968165177693283,True,15.857142857142856,0.0298677605223204,0.0007480173686689787,1.4899155396227525e-23,Valid,Redesign,B,"Drives volume but loses margin ($-1,071) — review discount depth, cost structure, or eligible assortment.",39
27988,1690001601,45,-8030.730723054285,-20.76899977499786,-8.97444734742542,7.707646574923885e-07,-8881.213454741803,-19.71012533328392,-13.183257832426465,5.206014704941116e-23,0.0125317397539627,False,0.8839402971844209,True,8563.0,,1.1298165165726937e-06,1.3961584890523902e-22,Invalid,Exclude,X,Pre-trend or placebo validation failed.,226
28154,1690001601,75,22881.631492302025,24.39859323196211,31.07202856755796,1.1337164742361654e-59,2404.453268556065,2.4651604882989977,3.3638171324429775,5.0101275970057325e-37,7.335249367010664e-07,False,0.0021699770203327,False,14379.25,0.3859074027266559,1.0290657227682116e-58,1.9383444473661525e-36,Invalid,Exclude,X,Pre-trend or placebo validation failed.,99
28466,1690001751,65,2384.798484347422,3.955714045961228,6.526916654467,1.3422976584692316e-15,-482.07481553129975,-1.326158639866698,-0.7928515382928614,6.829272052544853e-15,0.0041157091485597,False,0.0011994050700359,False,525.875,0.1806712442422589,2.8284129232030234e-15,1.3210722986890044e-14,Invalid,Exclude,X,Pre-trend or placebo validation failed.,176
28480,1690001751,65,5398.55913948253,7.691832705443453,10.764779737231862,5.451063354883271e-32,96.54202809804843,0.0113933689105463,0.3186648468092773,0.0352641905199488,0.0012104582049766,False,6.6237298452146944e-06,False,213.5,0.0380430773613847,2.14408491958742e-31,0.0411997473401382,Invalid,Exclude,X,Pre-trend or placebo validation failed.,151
28526,1690001751,66,4471.845235818993,6.0233999392367625,9.033318026483752,1.0772039689864763e-22,1642.1653460803043,2.371429436560802,3.157746812867831,3.2731267803803346e-43,0.4506572200737647,True,0.7335829584931829,True,0.0,0.0,3.2592325215488256e-22,1.4304776299439982e-42,Valid,Keep,A,"Validated, incremental units and margin are both decisively positive with acceptable cannibalization.",7
28565,1690001751,34,-1981.7487599206288,-6.556253986556198,-2.4109349723606734,2.237084817340407e-05,-618.7882242063478,-1.94335318861173,-0.8565935272540968,4.425375613200633e-07,0.0149441483520246,False,0.0060563471041296,False,1880.875,,3.0694884703042794e-05,6.527429029470934e-07,Invalid,Exclude,X,Pre-trend or placebo validation failed.,181
28602,1690001751,71,2572.838194444429,5.084579044845796,6.994473511231336,2.7567492023166206e-35,-476.5699166666644,-1.4389307145069623,-0.7984867346323069,7.530151231707785e-12,0.4121407112496424,True,0.9732265622737104,True,55.5,0.0211160040657292,1.1413908978012676e-34,1.3067027137375273e-11,Valid,Redesign,B,"Drives volume but loses margin ($-477) — review discount depth, cost structure, or eligible assortment.",36
28625,1690001751,75,1362.2986111111045,1.7332830184322463,3.4564259762767224,3.570384153173836e-09,-440.5042395833308,-1.1087618764545848,-0.5693495124342944,1.077763556926357e-09,0.7846810258076563,True,0.1553514152898457,True,0.0,0.0,5.892382238804372e-09,1.6956813295641352e-09,Valid,Redesign,B,"Drives volume but loses margin ($-441) — review discount depth, cost structure, or eligible assortment.",33
28709,1690001752,58,2833.1934850764874,5.095994350214392,8.860623802871752,3.69800346229837e-13,-568.284084336591,-1.8659924745334109,-0.9334365123463484,4.014536680522071e-09,0.099190676723096,True,0.0432544550231525,False,455.875,0.1386030732009518,7.153514894282093e-13,6.274375209292773e-09,Invalid,Exclude,X,Pre-trend or placebo validation failed.,177
28726,1690001752,60,2981.037606837602,3.945743533607835,7.095136491716616,6.3718179308862235e-12,5.277926434676497,-0.2555813574015932,0.2751292330855803,0.9424490016243744,7.574386002959537e-07,False,5.037508458358493e-07,False,206.75,0.064856893086771,1.1567300243762682e-11,0.9424490016243744,Invalid,Exclude,X,Pre-trend or placebo validation failed.,157
28760,1690001752,32,2895.5037801176422,3.9589200450499575,8.105679038773552,1.1818217727294456e-08,315.9572573357381,0.305195068626746,1.0112935036054962,0.0002579206406065,2.192217761070719e-05,False,0.0002374273162739,False,0.0,0.0,1.8470856845307893e-08,0.0003272541461458817,Invalid,Exclude,X,Pre-trend or placebo validation failed.,142
28852,1690001752,68,2303.2409722221983,4.535753875034242,6.754643047623592,2.002830682807162e-23,-755.1094166666626,-2.223521244087085,-1.4779955042789077,2.220190802011392e-22,0.8721769760585154,True,0.6323666500704486,True,45.0,0.0191632803159104,6.302240548566537e-23,5.8872475199403205e-22,Valid,Redesign,B,"Drives volume but loses margin ($-755) — review discount depth, cost structure, or eligible assortment.",37
28877,1690001752,73,3121.538740079357,4.955003600815124,7.26236915879097,3.1257284893637614e-25,-58.09348313492188,-0.3902398603041862,0.1628681063514587,0.4204144312981074,0.1931338386141802,True,0.351721826705437,True,0.0,0.0,1.0538170335569253e-24,0.4509900263016062,Valid,Monitor,C,Validated but not statistically decisive on units and/or margin after FDR correction.,51
29165,1690001753,58,2215.301736111115,4.406983032426606,6.505833401618297,2.1821661654284944e-24,-443.8362430555575,-1.359136780069977,-0.827248653701242,7.841347503548584e-16,0.9926786134669372,True,0.1981696662610443,True,0.0,0.0,7.152655764460065e-24,1.6232965007346192e-15,Valid,Redesign,B,"Drives volume but loses margin ($-444) — review discount depth, cost structure, or eligible assortment.",34
32501,2950002932,37,-3640.027032520324,-16.180039657374493,-1.7070710675411025,0.0154219645045516,-3920.249381947896,-13.0617556560664,-6.202369070950289,3.7037151849582306e-08,0.6184954807160856,True,0.3143485662695969,True,5478.124999999998,,0.01847504377195014,5.67582327045547e-08,Valid,Kill,D,Validated and confidently negative on both units and margin.,62
41854,3828100313,81,7855.305952380996,15.9186280922956,22.87300624045006,8.040965475076009e-28,-1181.1134067460448,-3.283608501907252,-2.549050296838648,1.3022095539539028e-54,8.59762678945843e-45,False,3.522660437878066e-33,False,83244.125,0.913772173214923,2.9194890032583663e-27,8.087406703503186e-54,Invalid,Exclude,X,Pre-trend or placebo validation failed.,192
42749,3828100329,71,4841.6866755792935,4.28435385005659,15.199294743823868,0.0004676695312995,1682.5664483561038,2.702406092423406,4.0684850478426045,2.616633080267629e-22,0.0001855383004751,False,1.583821329689481e-07,False,0.0,0.0,0.0005902139539394759,6.861393410479561e-22,Invalid,Exclude,X,Pre-trend or placebo validation failed.,105
42854,3828100329,68,6295.192857142926,8.942145097581047,14.20194628897383,6.4541365411620025e-18,835.685309523822,1.0891236209404245,1.9832488405442152,1.6417471360112308e-11,0.2237851541979669,True,0.2076110054222041,True,17.0,0.0026932003480791,1.4933100232492475e-17,2.7874267920766222e-11,Valid,Keep,A,"Validated, incremental units and margin are both decisively positive with acceptable cannibalization.",15
43029,3828100333,70,5792.933333333402,8.002068527807406,12.686979091240456,4.911737412478384e-18,-15.890067460295198,-0.3787427931337415,0.3219925522041159,0.8738808063297882,0.6148635783037044,True,0.2121578417046998,True,347.0,0.0565152716098974,1.1708788175200997e-17,0.8813498730505556,Valid,Monitor,C,Validated but not statistically decisive on units and/or margin after FDR correction.,50
43089,3828100337,70,9832.948622355676,15.582261614431058,24.552222558449248,1.7944879896090822e-18,1067.2166345651567,1.631091989715944,2.7248942738153077,5.930802555769457e-15,0.3822281277532583,True,0.1606090326156973,True,165471.625,0.9439093434975748,4.321420056609626e-18,1.1663911693013266e-14,Valid,Redesign,B,Positive on both metrics but cannibalization (94%) exceeds threshold — narrow the product/store scope.,25
43204,3828100337,71,4987.030952380944,6.919759170244426,10.640208971941997,2.2294862578992367e-20,785.4029841269831,1.0452250384820576,1.7202784267537987,9.79345304066417e-16,0.849604878576839,True,0.9763458932479256,True,347.0,0.0650539907056801,6.11812507981651e-20,2.009786884866734e-15,Valid,Keep,A,"Validated, incremental units and margin are both decisively positive with acceptable cannibalization.",16
45103,4100000859,57,1902.808069977427,1.7587216339865743,4.917797909793871,3.438894545496892e-05,462.155833521446,0.5818770761643884,1.0397223397003343,3.8709792207398366e-12,0.8906880446152278,True,0.6658322750309449,True,34006.74999999999,0.9470110975392846,4.6642477743521066e-05,6.8175454932432935e-12,Valid,Redesign,B,Positive on both metrics but cannibalization (95%) exceeds threshold — narrow the product/store scope.,29
45269,4100000859,72,18463.657638889013,36.75841119141563,48.721485284922394,1.461943790262427e-44,-2149.021318452394,-5.47390921094776,-4.475263559665176,6.541253240877091e-85,0.8656696191840964,True,0.0001535845373243,False,0.0,0.0,8.415091085412994e-44,9.64834853029371e-84,Invalid,Exclude,X,Pre-trend or placebo validation failed.,208
46723,4100010958,45,128.88144841269292,-0.5503969804618722,1.1868485775615902,0.4727289297971773,-1816.571838789686,-5.228207250817563,-3.742517879008048,2.5907418681475444e-32,0.0083099898487035,False,0.0001695437674625,False,2391.75,0.948869380133358,0.49364613908023824,9.4063858597357e-32,Invalid,Exclude,X,Pre-trend or placebo validation failed.,205
47546,4171011288,67,10356.915251297123,14.878761528514795,19.47253283731315,1.2293772517368956e-48,4849.452203148489,6.939801836282404,9.144616747958024,2.2454748056130043e-46,0.0101709892741317,False,0.6330299503712542,True,0.0,0.0,8.059250872497426e-48,1.059864108249338e-45,Invalid,Exclude,X,Pre-trend or placebo validation failed.,85
47991,4171012288,67,9233.403703703752,17.518814110329615,28.41851774889304,1.4522930340272526e-16,2756.8691890166165,5.007541075810918,8.708226033724488,3.753320517974931e-13,0.0204097084709898,False,0.5287751529310569,True,45684.249999999985,0.8318682048304435,3.203188374116183e-16,6.813720324939106e-13,Invalid,Exclude,X,Pre-trend or placebo validation failed.,97
48016,4171012288,61,6116.454419959435,8.897101920323578,13.38506354400952,2.224506971129141e-22,2650.53750509117,3.7511144365681024,5.904759898918854,1.5292081472592849e-18,0.0009657018030615,False,0.3794318770864539,True,0.0,0.0,6.645362597297181e-22,3.573199235180111e-18,Invalid,Exclude,X,Pre-trend or placebo validation failed.,98
48251,4171013288,61,6580.123000707753,9.428225904079886,17.539491311935492,7.204409462010648e-11,4786.5359322953755,7.969896186311736,11.647054355882425,1.3748065722575677e-25,0.0140567303642084,False,0.0726426001575822,True,0.0,0.0,1.259437505951491e-10,4.0056092722566173e-25,Invalid,Exclude,X,Pre-trend or placebo validation failed.,86
49907,4640010026,64,-574.66587301588,-3.687076765821234,1.121604118428912,0.2957191184361175,-1554.104613756613,-4.736790068083259,-2.2011769576159055,8.190959747233448e-08,0.0015001378072442,False,0.0002492766778075,False,0.0,,0.3216115758107084,1.2391451925301884e-07,Invalid,Exclude,X,Pre-trend or placebo validation failed.,201
51108,4640010274,61,4946.059623015893,8.906462191451322,14.260093419864337,2.227409104630094e-17,4446.871500496048,8.448989948087986,12.379447993345492,2.8618795981211155e-25,0.5299001111047724,True,0.0760407224569988,True,0.0,0.0,5.006367130406688e-17,8.236629087275406e-25,Valid,Keep,A,"Validated, incremental units and margin are both decisively positive with acceptable cannibalization.",2
51870,4640015021,65,3540.511557539651,5.803295842797112,9.759392322212344,1.2561742508228263e-14,3887.8530714285343,7.083815753463682,10.005648296771632,2.0097189281959417e-30,0.2249184962611955,True,0.0140575259286147,False,0.0,0.0,2.6005010806507632e-14,6.974906868444739e-30,Invalid,Exclude,X,Pre-trend or placebo validation failed.,90
51962,4640054081,77,-7038.945606060663,-19.778926789813436,-6.339609781840227,0.0001394866144075,-7726.531363419973,-17.92561442872204,-10.744260760220346,5.088775181414737e-15,7.158117004670009e-05,False,0.0055461906112019,False,0.0,,0.00018187204972469614,1.0177550362829473e-14,Invalid,Exclude,X,Pre-trend or placebo validation failed.,225
52136,4640054081,83,12740.490277777795,19.59087214795163,24.266237241989145,1.7203619960402466e-75,3074.9407777777847,4.7390946825377185,5.845899388986497,2.1575356944154728e-78,1.8363751999040315e-06,False,0.8867073853030121,True,14003.875,0.5236196430369571,3.123118700503832e-74,2.679886441484482e-77,Invalid,Exclude,X,Pre-trend or placebo validation failed.,93
52376,4640055081,79,6005.351388888898,9.816649858921473,11.902523337783403,1.4157150259771656e-92,1396.3188611111116,2.2842141095462676,2.765763688323937,7.086172409434604e-94,3.260536203989161e-09,False,0.0319213947580606,False,14906.125,0.7128203060746212,6.682174922612221e-91,1.6723366886265667e-92,Invalid,Exclude,X,Pre-trend or placebo validation failed.,107
52565,4900000036,80,14232.304166666678,22.54425105887099,28.285406679224288,1.8833184201331577e-67,2149.446666666669,3.3352556486252816,4.341339589469965,1.4477354071445598e-50,1.203237187534396e-09,False,0.4789696892735745,True,13771.374999999996,0.4917702034092839,2.3392797218496066e-66,7.7651262746844575e-50,Invalid,Exclude,X,Pre-trend or placebo validation failed.,102
53416,4900000129,51,1189.0111111111014,1.8604151207278965,3.968070718052012,5.9578635743800085e-08,7141.480638888836,15.265320111971146,19.74193792179766,5.050376518531769e-53,0.1074591936413393,True,0.127108580303847,True,1049.0,0.4687197462032281,9.013178227908218e-08,2.979722145933744e-52,Valid,Redesign,B,Positive on both metrics but cannibalization (47%) exceeds threshold — narrow the product/store scope.,22
54436,4900000243,81,4452.464930555598,8.256722076619841,13.73075906192632,3.4746377681895118e-15,-773.1856259920719,-2.2193685784158665,-1.5988320437672043,1.7223694573053834e-33,1.8910712046299228e-12,False,0.259390642276472,True,20418.0,0.8209737959065918,7.256765604360396e-15,6.452050665461436e-33,Invalid,Exclude,X,Pre-trend or placebo validation failed.,183
54579,4900000243,74,19305.29999999996,39.00051123467686,47.96029957613377,1.104738295550244e-80,-3567.4599999999864,-9.246336067415411,-6.823303572224167,1.2468098004028402e-38,0.0004600302000219,False,6.102906020556614e-05,False,24015.5,0.5543641853336047,2.896869308331751e-79,4.987239201611361e-38,Invalid,Exclude,X,Pre-trend or placebo validation failed.,218
54614,4900000243,82,12726.87500000001,22.81929023679255,28.91597399084976,4.096048274910816e-62,3436.8545277777794,6.0431365456009765,7.927816819349344,7.934254118665547e-48,9.942953858184877e-18,False,5.5174575192754705e-17,False,12369.0,0.4928698441476934,3.8666695715158106e-61,3.9010082750105603e-47,Invalid,Exclude,X,Pre-trend or placebo validation failed.,91
55965,4900000546,71,11517.601041666738,18.183219807222425,28.165275330269484,8.994305213517766e-20,5646.122700892889,8.417029688333667,14.30378600942444,3.8853987770565815e-14,0.000285659599849,False,8.825619422062193e-05,False,0.0,0.0,2.3585067004335474e-19,7.277413582423438e-14,Invalid,Exclude,X,Pre-trend or placebo validation failed.,84
55988,4900000546,80,20309.944444444453,31.700449288377325,40.835066584638575,1.2877135598597259e-54,1335.01975,1.6515748335312328,3.116352845040196,1.773385539490387e-10,0.1499943262043157,True,0.7392010837793639,True,,,9.803238713770816e-54,2.8665684062995295e-10,Valid,Keep,A,"Validated, incremental units and margin are both decisively positive with acceptable cannibalization.",9
56193,4900000550,58,3294.2319444444506,7.040598141469817,9.187145427222058,1.1343595689402254e-49,1056.9660833333346,2.1368320211985203,3.0698974533499266,7.663645099441509e-28,0.1327804602753221,True,0.8550389522951031,True,10911.374999999998,0.7681034004863295,7.873789949114505e-49,2.4775619773536935e-27,Valid,Redesign,B,Positive on both metrics but cannibalization (77%) exceeds threshold — narrow the product/store scope.,26
56288,4900000551,85,9684.49032738099,16.775673233135798,28.79839889571592,1.089609995753879e-13,-2756.4675277777933,-7.280219942527828,-5.691391952897082,1.2440445990684917e-57,2.88828134745959e-27,False,0.6971954488940011,True,21277.375,0.6872123102086956,2.1609072184698777e-13,8.38841501086183e-57,Invalid,Exclude,X,Pre-trend or placebo validation failed.,214
56460,4900000551,76,53461.44861111165,105.95013581881858,128.52990194921497,4.341750753714473e-92,-11738.54837500013,-28.49998412052531,-22.98487717333491,8.785200827699413e-75,1.4271859114671022e-47,False,1.2285831120222263e-68,False,26273.75,0.3295125673185264,1.707755296461026e-90,9.872892358747912e-74,Invalid,Exclude,X,Pre-trend or placebo validation failed.,229
56484,4900000551,83,66011.6402577273,64.14285572876189,80.46095644588716,1.4332106684442974e-67,6742.975940919132,6.31798008941186,8.45305154458405,6.952517283656127e-42,1.440385032752171e-23,False,0.4851487814084239,True,15948.625,0.1945897191748821,1.9896336338403185e-66,2.9832619617142655e-41,Invalid,Exclude,X,Pre-trend or placebo validation failed.,82
56767,4900000569,84,4956.521775793701,9.22261468697518,14.379869959661493,2.9680686095855543e-19,-850.8980000000066,-2.300388826339441,-1.7515064117558286,1.9128312422736112e-47,4.2772037860974994e-14,False,0.9115501189357732,True,21110.0,0.8098510488500809,7.613741215893378e-19,9.212819860746373e-47,Invalid,Exclude,X,Pre-trend or placebo validation failed.,185
56892,4900000569,73,16307.29097222231,33.33296457331594,41.129551281580454,3.4697885542945976e-78,-2928.496479166683,-7.911830380332877,-5.460299661524123,1.1236331535207667e-26,8.3265881124935e-36,False,1.8068309762958167e-47,False,24394.25,0.5993446296455559,8.188700988135251e-77,3.356676256087354e-26,Invalid,Exclude,X,Pre-trend or placebo validation failed.,216
56925,4900000569,82,20781.83462680232,20.250934655169377,25.82852128009076,5.713210008959005e-59,727.433389228163,0.4047722525551278,1.2081620916314866,8.321644319174029e-05,0.9121697682183916,True,9.365513838465022e-17,False,15660.125000000002,0.4297278510918029,4.993768748571575e-58,0.00010673413365897123,Invalid,Exclude,X,Pre-trend or placebo validation failed.,122
57381,4900000572,76,9192.739813289332,9.76537263785449,12.226827872407071,1.1694490102884383e-68,1114.1979657697195,1.0386605767492003,1.6268847959056312,6.590474148158187e-19,0.0742148349076467,True,6.035810654724204e-10,False,15280.250000000002,0.6243720165201275,1.8399331095204763e-67,1.5710625242074062e-18,Invalid,Exclude,X,Pre-trend or placebo validation failed.,112
58079,4900000639,76,194620.8050595258,385.852810106467,467.74721208443555,9.2269035399892e-93,-39161.00868154803,-94.81635309090616,-76.94245691588344,3.958380867633572e-79,4.598427215462463e-86,False,8.598827509055398e-87,False,26273.75,0.1189424972151072,5.443873088593628e-91,5.189877137564016e-78,Invalid,Exclude,X,Pre-trend or placebo validation failed.,235
58106,4900000639,83,152510.7374999998,275.6710930978692,336.821828588877,8.36669340515825e-86,41637.7010823412,75.35790697400626,91.861776087605,9.277130681213344e-88,1.5737437399927185e-58,False,4.1440651057175474e-73,False,11740.249999999998,0.0714775002494278,2.4681745545216836e-84,1.5638591719759635e-86,Invalid,Exclude,X,Pre-trend or placebo validation failed.,69
58394,4900000663,82,36259.38363095251,77.46810766144745,99.4069344407599,3.0328701411599757e-56,-6030.266434523834,-16.356976615012705,-13.058957211932825,1.98379320365934e-68,3.636090414613782e-48,False,0.0212712785655507,False,20466.875,0.3608007207588394,2.468128804530187e-55,1.6720542716557294e-67,Invalid,Exclude,X,Pre-trend or placebo validation failed.,223
58583,4900000663,76,98428.54169387468,164.68960160121506,205.3425100298927,3.4543344260695708e-71,-26228.399529203576,-55.09738580365313,-43.50561994523249,2.093401247866089e-62,2.468707150763542e-49,False,9.147347845310056e-51,False,30846.625000000004,0.2386121463919302,5.823020889660133e-70,1.4970990742315061e-61,Invalid,Exclude,X,Pre-trend or placebo validation failed.,233
58608,4900000663,83,80512.50297619036,146.68011137089283,176.6632740756548,3.667405283439249e-99,22687.428706349172,41.16550820550027,49.9486633059422,6.679949736109015e-92,1.9754269196737037e-50,False,3.3680407081568034e-57,False,11740.249999999998,0.1272617848383349,2.8850254896388757e-97,1.3137234481014395e-90,Invalid,Exclude,X,Pre-trend or placebo validation failed.,73
59316,4900000935,84,23555.0314980161,48.158342556732585,64.00847410048694,9.614170477502484e-44,-4156.236738591303,-11.266591081353836,-8.525012435747607,1.8920225045133505e-45,9.473207796624736e-35,False,0.1106838747541414,True,21110.0,0.4726292424295648,5.402248173072825e-43,8.586871366637514e-45,Invalid,Exclude,X,Pre-trend or placebo validation failed.,219
59474,4900000935,74,44783.96339285701,73.45489146169092,99.45616410918556,7.843332103412275e-39,-12991.207545138834,-29.259639669402947,-20.89946282148058,6.323802604774126e-32,2.267710835147737e-11,False,1.714230511426391e-12,False,25633.5,0.3640219167934443,3.629463483147641e-38,2.2612385071616576e-31,Invalid,Exclude,X,Pre-trend or placebo validation failed.,230
59505,4900000935,83,34276.76269841267,58.90230919294238,78.75537232678722,4.5877405911581296e-42,11030.908677579351,18.89702004442039,25.403818018147295,1.2802884364197982e-40,1.199135144527467e-24,False,4.9057085273391276e-27,False,11740.249999999998,0.2551284690499905,2.4060150655851525e-41,5.300843350790744e-40,Invalid,Exclude,X,Pre-trend or placebo validation failed.,77
60718,4900001063,66,4824.000000000069,7.418499421780554,10.854227850946982,1.927614322177812e-25,15453.250000000053,24.783813253789752,33.75122462499833,1.7775309203865521e-37,0.0009281993902949,False,0.0676162996155268,True,1303.0,0.2126652521625567,6.592999710637154e-25,6.991621620187105e-37,Invalid,Exclude,X,Pre-trend or placebo validation failed.,76
60896,4900001178,52,1157.7777777777749,1.7521000441136791,3.8141392721256224,1.2184985480307357e-07,6792.706555555502,13.145636974935153,19.511606080620147,8.771211088164765e-24,0.281481940139675,True,0.0219361045309419,False,1131.0,0.4941502014660913,1.8200358059193267e-07,2.435300960949276e-23,Invalid,Exclude,X,Pre-trend or placebo validation failed.,81
61417,4900001278,74,15955.583928571612,18.70509473823713,24.418105068713174,1.5946348635541278e-49,32031.182590278047,37.72848293754854,48.842280819959704,1.2666272147495977e-52,1.6797714278517538e-51,False,6.007483058508583e-52,False,1534.25,0.0877223881179128,1.0752395079964977e-48,7.290829821485489e-52,Invalid,Exclude,X,Pre-trend or placebo validation failed.,71
62235,4900002395,80,8366.193055555563,13.583495878299724,16.295765034398713,2.1534785270265388e-103,2106.9392500000017,3.4370794581840114,4.087703577530281,9.285323844483912e-114,1.377695350149173e-07,False,0.6522885018731592,True,13372.625,0.6151495893578491,2.541104661891316e-101,7.304454757660677e-112,Invalid,Exclude,X,Pre-trend or placebo validation failed.,103
62340,4900002403,73,6242.5472222222115,10.794003972705646,13.638666172978157,1.374017769078711e-63,1387.2592083333302,2.4173233127648333,3.0122626298313717,1.484045867521375e-71,8.406655826325705e-05,False,0.2684544855574268,True,12999.5,0.6755778036438433,1.3511174729273991e-62,1.4009392989401781e-70,Invalid,Exclude,X,Pre-trend or placebo validation failed.,108
63116,5020000750,84,12099.949652777914,21.19049189776672,36.428315972604295,1.251476318431614e-13,-3475.445968750032,-10.350416186789811,-6.199326521543673,5.537090731309941e-15,4.249185906756688e-06,False,0.0310881729891817,False,15892.5,0.56774238043232,2.461236759582174e-13,1.0981121114194504e-14,Invalid,Exclude,X,Pre-trend or placebo validation failed.,217
63270,5020000750,71,265.6889880952323,-0.7768788265719593,2.0242449678641297,0.3827775753666996,-389.3502668650769,-1.2872938676369998,-0.5406416575511546,1.5998963941683723e-06,0.0244092981771329,False,3.9149371275287837e-10,False,92955.0,0.9971498924650818,0.4069167017411761,2.247473506093666e-06,Invalid,Exclude,X,Pre-trend or placebo validation failed.,173
64488,5080000149,65,3443.9584038800804,5.44574320390028,9.6925354944737,2.8170234035446684e-12,-424.3297897266344,-1.464573934271574,-0.400611954636709,0.0005905270477602,0.0129369702983359,False,0.1308241890693505,True,0.0,0.0,5.276329549496363e-12,0.0007373776892667047,Invalid,Exclude,X,Pre-trend or placebo validation failed.,174
64967,5080021257,68,3056.674378585092,6.523078929967419,8.46061900427323,6.799597688387502e-52,4375.549621414922,9.508179756236746,11.94059289775797,6.343411199188632e-67,0.0014714980540664,False,0.0001606458243343,False,47378.5,0.9393939960306162,5.014703295185783e-51,4.990150143361724e-66,Invalid,Exclude,X,Pre-trend or placebo validation failed.,87
65025,5080021257,32,323.4745250593688,-0.791147538705126,2.1389580597858293,0.3672917219979367,688.9470777402836,0.5749084332054156,2.2957043907124324,0.0010770335959422,4.193431462117843e-14,False,1.752080856968166e-06,False,0.0,0.0,0.3922210243959867,0.00133778909811768,Invalid,Exclude,X,Pre-trend or placebo validation failed.,124
66376,5490000060,31,19166.024999999907,37.34855110542529,50.97414474710885,5.5670886497814736e-37,3997.558499999976,5.981844355884503,12.44008421554396,2.2610864423611215e-08,0.1651459405767112,True,0.0007647370470767,False,0.0,0.0,2.346130216693621e-36,3.487688891485128e-08,Invalid,Exclude,X,Pre-trend or placebo validation failed.,89
66666,5490000061,31,11528.799999999936,21.966545684822744,31.161564914255305,9.922036824960453e-30,3006.583999999983,3.793072470559269,10.062153335892264,1.4796610409767088e-05,0.7988614733387289,True,1.5850002976136436e-05,False,0.0,0.0,3.776775307565591e-29,1.9954286038314473e-05,Invalid,Exclude,X,Pre-trend or placebo validation failed.,95
66968,5490000066,33,902.5591269841318,1.4507859986534313,2.456396369243243,2.6325787603022383e-14,1042.257573412704,1.740393552796045,2.7715439944450986,9.815597932471754e-18,0.0419871808714254,False,0.0172911660494477,False,0.0,0.0,5.3101588669344294e-14,2.249010788411004e-17,Invalid,Exclude,X,Pre-trend or placebo validation failed.,113
68071,5490073508,70,3305.1055200081173,5.730342417548574,7.759884194729455,8.508218098733661e-39,-24098.254157322717,-54.74867987856719,-43.61154117172961,3.962669397988663e-67,0.8811064333345522,True,8.439089529031481e-10,False,6343.625,0.6574569563162246,3.8614220601945076e-38,3.224793027328705e-66,Invalid,Exclude,X,Pre-trend or placebo validation failed.,232
68260,5491300008,55,2599.1701191384104,3.7656505127650615,6.736046938299223,4.227461337134312e-12,580.4968164251147,0.7126304580590284,1.6328112244666877,5.861145224790475e-07,0.0042748155437589,False,0.003332598248552,False,1096.875,0.2967699161247506,7.733960275687577e-12,8.486075294788662e-07,Invalid,Exclude,X,Pre-trend or placebo validation failed.,129
69283,6647987270,59,915.0735615079382,1.221275311735075,3.2100736544050616,1.2590618283690574e-05,191.62100000000052,0.1675105768715201,0.7604361543633491,0.0021592694631637,0.8498782414573511,True,0.1263251746623409,True,5224.625,0.8509579008903017,1.747874067618221e-05,0.0026541020484720473,Valid,Redesign,B,Positive on both metrics but cannibalization (85%) exceeds threshold — narrow the product/store scope.,30
69388,6647987370,63,778.89712301587,0.7958610973632094,2.736552158944591,0.0003604123073713,389.6724270833322,0.5016854041311478,1.2655364874032389,5.773704993674123e-06,0.3620796150953423,True,7.416706715230381e-06,False,6312.75,0.8901669655152515,0.0004572973362345527,7.968388178404053e-06,Invalid,Exclude,X,Pre-trend or placebo validation failed.,135
69493,6647987470,61,954.79499007937,1.2656939432453345,3.2064137386252507,6.28840281757748e-06,317.8468492063509,0.341469831497559,1.1472741928881596,0.0002933720946248,0.4125473881170227,True,3.325263363382889e-07,False,5199.5,0.8448571295951063,8.83370871993027e-06,0.0003702449964248813,Invalid,Exclude,X,Pre-trend or placebo validation failed.,141
69998,6647987870,67,739.3283730158638,0.7776293175095649,2.3751569213640544,0.0001097004919701,320.4786671626946,0.3488432150736442,1.0178035532107677,6.225625033429266e-05,0.7198467491214038,True,9.867789613683492e-09,False,6427.875,0.8968456265941336,0.00014463305086560673,8.117389546349763e-05,Invalid,Exclude,X,Pre-trend or placebo validation failed.,140
70070,6647987970,61,-120.2596726190462,-1.09096080801491,0.527683652890572,0.4952048027839126,100.66711706349302,-0.0146006290158536,0.4861093740439239,0.064941665689467,0.4922532775680114,True,0.1098959328289792,True,6277.5,,0.5148384733788695,0.07403977344306384,Valid,Monitor,C,Validated but not statistically decisive on units and/or margin after FDR correction.,48
70997,7020211703,67,16568.939234149453,13.42431891165148,21.90390973259042,3.1949509786945887e-16,-9810.391299435052,-12.879585399569454,-8.038093277264348,2.4957967246728378e-17,3.2795905414085415e-05,False,1.5090349049316024e-05,False,36866.25,0.6899245708376655,6.854622099744754e-16,5.504747916100838e-17,Invalid,Exclude,X,Pre-trend or placebo validation failed.,227
71176,7020211704,64,9886.25469146233,7.352847780095809,11.956243414166556,2.015911762352768e-16,-207.9941585423107,-0.5660535055858007,0.15981491468285,0.2726803282657005,0.0597317096727933,True,0.7586501835874042,True,40669.0,0.8044465456301637,4.4051405177338263e-16,0.2965555643811305,Valid,Monitor,C,Validated but not statistically decisive on units and/or margin after FDR correction.,55
71208,7020211704,62,10324.471734980858,20.402166036117563,27.176044724162885,4.062287927486364e-43,1352.35981319067,2.504486422196188,3.727586449650217,1.7442362076260116e-23,0.2548551100171472,True,0.9778011470357896,True,68554.37499999999,0.869109752964958,2.1788635247426863e-42,4.7314913218360773e-23,Valid,Redesign,B,Positive on both metrics but cannibalization (87%) exceeds threshold — narrow the product/store scope.,24
72006,7143400081,67,-671.7171717171791,-3.662013421728586,0.7975478706958392,0.2080577376214488,637.1766157407484,1.0928675628681928,1.62430350638873,1.2316074470918725e-23,0.0025732392584371,False,0.005592189825212,False,0.0,,0.22944685083486877,3.379759971089325e-23,Invalid,Exclude,X,Pre-trend or placebo validation failed.,126
72039,7143400081,60,338.3079844006552,-0.4145740031432869,2.0255644050511687,0.1956733385469877,37.83992138751982,-0.4448573614464142,0.6250474632917467,0.7413310929167682,0.2297764516217857,True,4.975405301085758e-06,False,0.0,0.0,0.21680238449337605,0.7573772204690793,Invalid,Exclude,X,Pre-trend or placebo validation failed.,154
72348,7143400721,64,-667.2943939393938,-4.355139569673833,1.3761467395872538,0.3083240937796287,724.2675934343412,1.320500742088913,1.91283672860011,1.0321613711356388e-26,0.0027397832564423,False,0.0034349715686842,False,0.0,,0.33378204647702925,3.1229497895898814e-26,Invalid,Exclude,X,Pre-trend or placebo validation failed.,123
72372,7143400721,57,4237.87864431488,7.04020597713198,9.481738055284708,3.786314945780936e-40,836.3631732264356,1.0468101070570024,2.213865032227347,4.3502017324529567e-08,0.0394334348732896,False,0.0025862153330163,False,0.0,0.0,1.8236129126618384e-39,6.623532960379985e-08,Invalid,Exclude,X,Pre-trend or placebo validation failed.,119
74580,7241004950,71,21240.252777777823,29.48565436024149,36.99401004594888,1.849413169282861e-67,-975.188694444449,-1.8897394862073915,-1.1624942992212437,1.9368146373573203e-16,0.9853540663904162,True,0.3367117905790406,True,0.0,0.0,2.3392797218496066e-66,4.1179122019488967e-16,Valid,Redesign,B,"Drives volume but loses margin ($-975) — review discount depth, cost structure, or eligible assortment.",38
74904,7241006950,57,9173.887400793628,15.443350516691655,20.322292371392667,8.247810775104431e-47,-363.0485957341267,-0.8744574602357321,-0.5409366751799666,8.969643751501191e-17,0.5275921786408562,True,0.0135689208668716,False,0.0,0.0,5.122324586643805e-46,1.942051307664478e-16,Invalid,Exclude,X,Pre-trend or placebo validation failed.,172
77112,7297900264,68,-6.616369047619282,-0.6139458685937965,0.5815126869878197,0.9575929016489122,3423.706858134893,7.237417041651222,9.54545971391198,4.366800665518179e-46,0.0074968634335906,False,0.0028759445294971,False,1451.25,,0.9575929016489122,2.0207156020829222e-45,Invalid,Exclude,X,Pre-trend or placebo validation failed.,92
77250,7336023341,42,425.17582014767913,-0.4451056304306875,2.285693596437957,0.1864891122778709,-1816.246882837619,-5.766042623544059,-2.096497994800613,2.6749093957794897e-05,0.6342881177177488,True,0.4516583989814553,True,14245.0,0.9710176738602032,0.2076010872527242,3.5868103261588614e-05,Valid,Monitor,C,Validated but not statistically decisive on units and/or margin after FDR correction.,58
77325,7336023905,69,1008.0027777777808,1.1477142788008812,3.7218643578067554,0.0002091430039089,613.1828611111118,1.0643189534098387,1.897917090605194,3.287819272994215e-12,0.7669724422035267,True,0.5431009757074603,True,33292.5,0.9706125946809492,0.00026971447498634095,5.8340251761401105e-12,Valid,Redesign,B,Positive on both metrics but cannibalization (97%) exceeds threshold — narrow the product/store scope.,27
77595,7336037341,46,1750.4861359126933,1.944391205138844,4.974526328112908,7.629638122176384e-06,-1857.9624957837216,-5.324583347040852,-2.0191419327367033,1.3339079550556732e-05,0.1958073412318242,True,0.5486474228379391,True,15503.375000000002,0.898545251864281,1.0654405898423827e-05,1.809208490765166e-05,Valid,Redesign,B,"Drives volume but loses margin ($-1,858) — review discount depth, cost structure, or eligible assortment.",42
77660,7336037905,69,868.1796532846756,1.053627289969581,3.140477315270398,8.179060816221627e-05,585.5537949107891,1.04422206561689,1.7845402286381298,6.937928021846938e-14,0.1496453595226266,True,0.0210267331012976,False,33798.0,0.9749560043256044,0.00010905414421628836,1.2892527662644705e-13,Invalid,Exclude,X,Pre-trend or placebo validation failed.,128
78067,7336070341,39,576.9144880174258,0.2638870801760362,2.4256909525392354,0.0147499191338062,-1379.573296296299,-4.552070222864776,-1.87950691604571,2.3970945180939712e-06,0.1686664046440765,True,0.1950739522624782,True,16438.625,0.9660948459245916,0.017760106712133995,3.3474219305927647e-06,Valid,Redesign,B,"Drives volume but loses margin ($-1,380) — review discount depth, cost structure, or eligible assortment.",41
78371,7336070916,64,-727.828621031753,-2.9082760691117575,-0.3409588462085682,0.0131176328054141,-77.23672371031816,-0.5394368207193035,0.1946300184410974,0.3572401050321443,5.795497884632263e-07,False,3.0098012608703955e-08,False,5973.875,,0.015875699190142194,0.3849710720894341,Invalid,Exclude,X,Pre-trend or placebo validation failed.,162
78456,7336070918,60,-71.48472222222063,-2.0111656640407034,1.670762224887272,0.8562077918959596,118.87679265873,-0.1484032260375287,0.7144831910791003,0.198514088476463,0.0503655374032598,True,2.1896796814096196e-05,False,5312.375,,0.8672319265555642,0.21892207888058537,Invalid,Exclude,X,Pre-trend or placebo validation failed.,149
78537,7336070919,73,-667.8182539682521,-3.119747878926776,0.505977804687042,0.15767641915472,91.5955803571428,-0.3802582655816756,0.7387536877231348,0.5300632975729984,0.0115319146586546,False,3.5528226680066234e-05,False,7156.125,,0.17635845933892855,0.553517425784193,Invalid,Exclude,X,Pre-trend or placebo validation failed.,152
79637,7478000005,76,2615.724716553276,4.464058579700522,7.00841824728753,9.793147071996557e-19,-203.07024489795876,-0.9354313941003662,0.04477242524967,0.0749263683509289,1.3356659983055447e-05,False,2.316210241438385e-12,False,0.0,0.0,2.4328239042012502e-18,0.0842029663372344,Invalid,Exclude,X,Pre-trend or placebo validation failed.,169
79779,7478000007,71,1697.0913832199583,3.2093029931993877,4.758262186237037,6.65648250195702e-24,-576.176459183671,-1.7248994499217014,-0.9801543490626692,1.0874717338935668e-12,6.731232229106271e-11,False,5.889070469863866e-17,False,0.0,0.0,2.1519587266600775e-23,1.959109383197571e-12,Invalid,Exclude,X,Pre-trend or placebo validation failed.,178
86925,7747010201,58,5245.379409937906,5.667494503584155,7.252159215474727,1.7773311175536143e-57,105.42460942029092,0.0056181359050073,0.2540483897607338,0.0405001336826985,0.3632699224205417,True,0.6364213938342813,True,32105.250000000004,0.8595638281655767,1.498036227652332e-56,0.04708389925673323,Valid,Redesign,B,Positive on both metrics but cannibalization (86%) exceeds threshold — narrow the product/store scope.,31
86955,7747010201,58,990.0859140066244,0.8298505505991629,2.273867048167685,2.523621080204907e-05,-5.019837685331372,-0.1906882504332335,0.1749520821406586,0.932776939798472,0.5657862976971992,True,0.0001027953461975,False,312.0000000000001,0.2396155250923118,3.4426276007419535e-05,0.9367462033720825,Invalid,Exclude,X,Pre-trend or placebo validation failed.,158
87128,7747010202,56,6133.231677953363,5.871995694202933,7.818253586942966,3.066318679891605e-43,-145.53732032677735,-0.3571540880478637,0.0322939980327357,0.1020671050690283,0.03831239418344,False,0.2854155823613674,True,29082.0,0.8258358276883608,1.6829097871032997e-42,0.11362187168061641,Invalid,Exclude,X,Pre-trend or placebo validation failed.,166
87158,7747010202,56,1075.4795302736327,0.7011925770178173,2.7906240797147563,0.0010549262963552,-141.37751926667968,-0.479226631064474,0.020208711367462,0.0716474992782444,0.0487614414585897,False,9.343920275367416e-05,False,352.62500000000006,0.2469181999810862,0.001310329504946459,0.08090339631418986,Invalid,Exclude,X,Pre-trend or placebo validation failed.,165
87177,7747010202,58,2747.2903832403954,5.753546415075296,7.779903748670493,3.754677553304915e-39,330.0755811704578,0.6166267394590982,1.0093613451244374,4.874503498975676e-16,2.1905079468632805e-07,False,6.632911491045347e-06,False,63414.75,0.9584763352622312,1.77220780515992e-38,1.027127522998446e-15,Invalid,Exclude,X,Pre-trend or placebo validation failed.,139
87194,7747010202,43,-659.9002309879097,-2.221149623027551,-0.3366032102589213,0.0078114805528325,-2151.247859808082,-4.631112886326264,-3.707057112929867,5.410828677423825e-70,0.693076612583094,True,0.6749477089720998,True,9265.5,,0.00955186223040658,4.911367568738549e-69,Valid,Kill,D,Validated and confidently negative on both units and margin.,61
87206,7747010202,50,1372.5739017155715,2.612501224598409,4.250368283979449,2.166368443402329e-16,1436.9272760141116,3.2112937919921243,3.973342588078433,3.06794293505512e-76,0.0003970987518393,False,0.0003218586556909,False,13557.0,0.9080634242643824,4.690485804063758e-16,3.6201726633650414e-75,Invalid,Exclude,X,Pre-trend or placebo validation failed.,106
87491,7800000021,41,1443.191071428563,1.829155264942351,3.199385053624071,6.348638267463354e-13,2213.546073412674,3.436637213106477,4.276066875439426,1.6798540351908593e-72,5.674952744649348e-06,False,1.7544269899686148e-06,False,1032.7500000000027,0.4171141276008349,1.218112708228741e-12,1.6518564679376782e-71,Invalid,Exclude,X,Pre-trend or placebo validation failed.,101
87536,7800000034,69,-118745.41056297296,-289.22839511115484,-202.47102750985124,1.1451746083959895e-28,-76620.27395168383,-186.62957010738552,-130.63864501345847,1.1731895427506094e-28,4.6007312168402846e-39,False,3.404961955315902e-38,False,0.0,,4.222831368460211e-28,3.899615944917519e-28,Invalid,Exclude,X,Pre-trend or placebo validation failed.,236
88070,7800000062,40,885.5777777777769,1.0727138308376376,2.0900639469401368,1.1066693752735195e-09,1229.6653253968211,1.9254567303591743,2.4662051460580443,4.7721790883216673e-57,0.2243237651093445,True,0.0202883279780313,False,1018.0000000000008,0.5347824564270793,1.865528375461076e-09,3.128428513455315e-56,Invalid,Exclude,X,Pre-trend or placebo validation failed.,111
88174,7800000075,46,44861.22420634918,87.926340271093,107.12246062607734,3.0231577257128275e-88,8103.056607142855,15.406926096716598,19.823754803904514,4.299210829642012e-55,0.0355839931049815,False,1.4974459203452334e-09,False,5906.25,0.1163392524905511,1.0192360332403246e-86,2.742199339987878e-54,Invalid,Exclude,X,Pre-trend or placebo validation failed.,78
88865,7800000531,60,10402.240433336636,9.14977676073688,13.966313091122316,5.129788027401984e-21,1337.818537651253,0.8477698613918906,2.1251602222775614,5.078573360435184e-06,0.0002254200125861,False,0.020553126255769,False,12800.749999999998,0.5516853543846945,1.441226160079605e-20,7.050254782721785e-06,Invalid,Exclude,X,Pre-trend or placebo validation failed.,110
88901,7800000531,66,6244.738324445788,9.293261027457326,11.732793937006605,5.0913993501864474e-64,3059.832936749666,4.557002139830199,5.7454656606737275,9.6733903260503e-65,3.1600082621244612e-18,False,1.2160303814620189e-06,False,0.0,0.0,5.461682939290917e-63,7.134125365462097e-64,Invalid,Exclude,X,Pre-trend or placebo validation failed.,94
88921,7800000531,66,3915.5063644688566,4.423398297021542,7.4417725043992355,1.3127367636931624e-14,-979.8074858058646,-1.7592607079359313,-1.2098528854151736,3.244046556032884e-26,0.7285452747057548,True,5.6039050348035296e-08,False,9067.25,0.698407159885955,2.693964141144229e-14,9.569937340297009e-26,Invalid,Exclude,X,Pre-trend or placebo validation failed.,188
89413,7800000831,70,6134.725280500332,12.489523492672244,16.72345403351981,1.1406785476185767e-41,350.37567622842914,0.2926423247370777,1.3758132763506803,0.0025359524142691,0.0191187801746958,False,0.093634055778252,True,0.0,0.0,5.852176896477915e-41,0.003084973040038699,Invalid,Exclude,X,Pre-trend or placebo validation failed.,138
89428,7800000831,65,2828.6982476819444,2.39916218637448,4.853910243579223,6.9915176743393875e-09,195.15582052491183,-0.0144165596201262,0.5148160994275925,0.0638561039149865,0.0004713909416649,False,0.9459725983104312,True,29191.999999999993,0.911660319653188,1.1224477354721738e-08,0.07315553652396511,Invalid,Exclude,X,Pre-trend or placebo validation failed.,145
89505,7800000831,22,3764.408333333332,5.304712038433081,12.706811087563722,1.8497808195808313e-06,-2317.5767361111148,-6.730014926947968,-4.358868977889902,4.911094332723654e-20,0.005900398021418,False,0.0057281619696785,False,0.0,0.0,2.6947424285251617e-06,1.220019223708192e-19,Invalid,Exclude,X,Pre-trend or placebo validation failed.,210
92525,7840000040,61,1189.0180555555626,1.8935353613510233,3.675635859049739,9.068058092144167e-10,-377.77702430555735,-1.146406460557151,-0.623040960077778,3.438652281624754e-11,0.1340890771983409,True,0.0531672220870668,True,6296.000000000001,0.8411469355544113,1.5396127408244772e-09,5.7965852747388713e-11,Valid,Redesign,B,"Drives volume but loses margin ($-378) — review discount depth, cost structure, or eligible assortment.",32
92850,7840000042,71,-374.7554211469641,-1.970386528498442,0.4623164232792704,0.224361543834738,-1556.6473965480466,-3.678465913253648,-2.585708720742516,2.7327464094405816e-29,0.445699749048499,True,0.1415480040031886,True,0.0,,0.246275927186038,9.346784820695323e-29,Valid,Monitor,C,Validated but not statistically decisive on units and/or margin after FDR correction.,57
93174,7840000044,45,398.6782993197272,-1.3119470231261772,2.922768434519014,0.4559450268663989,-1865.0920013605396,-4.539788020051511,-2.995937237970871,1.1023919549661274e-21,0.4929484574223463,True,0.0085723765076674,False,0.0,0.0,0.48037065330567025,2.8278750149131094e-21,Invalid,Exclude,X,Pre-trend or placebo validation failed.,206
93217,7840000044,40,2689.48536313923,4.20055653840896,9.24687027728719,1.7612739824350237e-07,371.3469861252367,0.1991110916884391,1.6576238389377445,0.012592201774033,6.05420512456533e-05,False,6.886844060966948e-07,False,0.0,0.0,2.614217986507331e-07,0.015008886962988828,Invalid,Exclude,X,Pre-trend or placebo validation failed.,136
93392,7840000055,51,508.794238598417,0.1408274463246146,2.353261958569586,0.0271414101416218,510.0961140615683,0.9622181868729128,1.5382529604877164,1.7714593142580996e-17,0.1886723090384625,True,0.6684857464676989,True,2976.0,0.8539959022650778,0.032026863967113725,4.019849982354918e-17,Valid,Redesign,B,Positive on both metrics but cannibalization (85%) exceeds threshold — narrow the product/store scope.,28
93416,7840000055,57,1022.4949531163865,1.381339651426876,2.604995448442076,1.7136913131709787e-10,-138.63199103695567,-0.3429338269853491,-0.1975417715992733,3.19518005465071e-13,8.902307200591663e-05,False,7.105867350418747e-07,False,87.625,0.078932911487641,2.9306605065822534e-10,5.845445681376492e-13,Invalid,Exclude,X,Pre-trend or placebo validation failed.,164
93443,7840000055,22,2635.8890791547274,-2.019014749703099,13.429789984139148,0.147710498662089,155.09677232169437,-0.6973804688615265,1.3687950676567402,0.5241895940033598,0.5474285130888418,True,0.8800873668819773,True,0.0,0.0,0.16599846516310954,0.5498166408213019,Valid,Monitor,C,Validated but not statistically decisive on units and/or margin after FDR correction.,47
