store,city,zip,income,educ,age9,age60,hsizeavg,density,unemp,retired,mortgage
2,RIVER FOREST,60305,10.5532055,0.24893494,0.117508575,0.23286474,2.5310624,0.00045604358,0.18176486,0.20062013,0.54914457
4,PARK RIDGE,60068,10.646972,0.22078942,0.0950895,0.2620299,2.4803467,0.0005715224,0.15469831,0.17012858,0.6986655
5,PALATINE,60067,10.922371,0.32122573,0.14143348,0.117368035,2.6564388,0.0011192828,0.1779053,0.096642755,0.851806
8,OAK LAWN,60453,10.59701,0.09517328,0.123155415,0.25239402,2.769603,0.00039050236,0.17388481,0.20845197,0.64771867
9,MORTON GROVE,60053,10.787151,0.22217232,0.1035031,0.26911902,2.6168945,0.00070336054,0.14205004,0.16828087,0.6628248
12,CHICAGO,60660,9.996659,0.25341296,0.10569674,0.1783414,1.9590181,0.00018423286,0.203794,0.17566603,0.6568915
14,GLENVIEW,60025,11.043929,0.34829304,0.12958938,0.21394928,2.7350614,0.0009625604,0.15093309,0.1561646,0.74078715
18,RIVER GROVE,60171,10.391975,0.072246455,0.11009499,0.27231336,2.5303378,0.00038543055,0.1654541,0.21532162,0.49440756
21,HANOVER PARK,60103,10.716194,0.17750345,0.17592634,0.06689646,3.1103914,0.00083722617,0.18901256,0.06444933,0.9392978
28,MOUNT PROSPECT,60056,10.798534,0.23316257,0.12887953,0.21330878,2.6465094,0.0012432053,0.14825581,0.14110018,0.74909616
32,PARK RIDGE,60068,10.674475,0.19825986,0.09906063,0.25495303,2.4011538,0.0004560205,0.16236143,0.18009797,0.56619877
33,CHICAGO,60657,10.345927,0.41968802,0.04607092,0.13416997,1.5542903,0.0002484629,0.18175274,0.093755625,0.58474576
40,BRIDGEVIEW,60455,10.55025,0.0721286,0.13368465,0.1818518,2.7309716,0.0006887625,0.19290411,0.16611356,0.73639154
44,WESTERN SPRINGS,60558,10.869159,0.32973838,0.14488348,0.19098277,2.7784345,0.001115212,0.17190051,0.16671468,0.68751705
45,WHEELING,60090,10.745378,0.28015018,0.14671876,0.12885734,2.4988985,0.0014544295,0.15186723,0.08309129,0.88254714
47,ADDISON,60101,10.635326,0.14059865,0.14296168,0.1257983,2.9243994,0.0015234167,0.16832122,0.09625953,0.81600994
48,SCHAUMBURG,60193,10.756029,0.3032604,0.12176708,0.09792196,2.352837,0.0013716549,0.16622742,0.06664157,0.9344553
49,DOWNERS GROVE,60515,10.806754,0.31994995,0.13487774,0.1874732,2.586292,0.0016516517,0.178675,0.15447246,0.7097999
50,HICKORY HILLS,60457,10.589308,0.12876427,0.124420404,0.15335737,2.6513174,0.0013120385,0.2057358,0.13276492,0.7633333
51,PALOS HEIGHTS,60463,10.620839,0.17191671,0.13247211,0.17615972,2.784705,0.0014368761,0.18962735,0.15382251,0.76748085
52,NORTHBROOK,60062,11.051017,0.3729273,0.13660619,0.1522412,2.6783156,0.0015827108,0.16734238,0.10645883,0.8483084
53,CHICAGO,60662,10.600004,0.2703835,0.12083914,0.3002787,2.5547268,0.00050704443,0.1509288,0.22765093,0.6268915
54,NAPERVILLE,60540,10.910898,0.42112565,0.14791459,0.09022228,2.5787995,0.0013467782,0.17447415,0.080532975,0.8609595
56,COUNTRYSIDE,60525,10.831825,0.23755072,0.13101383,0.19288854,2.615022,0.0018817307,0.17214668,0.15377009,0.7202208
59,CRYSTAL LAKE,60014,10.71504,0.2330361,0.17214538,0.110818915,2.9551332,0.0046378793,0.18178414,0.11115272,0.8159588
62,NORTHFIELD,60093,11.2361965,0.51776034,0.13350932,0.22253427,2.6961427,0.0010946979,0.16530447,0.1772329,0.6952259
64,VILLA PARK,60181,10.605818,0.1608213,0.1484041,0.14199202,2.8513513,0.0010373326,0.1661117,0.114546664,0.73400867
65,HANOVER PARK,60103,10.754621,0.21099517,0.19005542,0.06365134,3.0954146,0.0017859817,0.19374457,0.061576888,0.9191055
67,OAKBROOK TERRACE,60521,10.79696,0.28439465,0.11882005,0.21027298,2.5559676,0.0012301451,0.1559018,0.15285516,0.73066664
68,CHICAGO,60625,10.188366,0.15972151,0.1309704,0.18141776,2.515661,0.00020784583,0.19809674,0.18124673,0.5420827
70,JOLIET,60435,10.412352,0.1656696,0.14334598,0.19023581,2.6202266,0.0014649682,0.19729558,0.17909974,0.6262612
71,NORTH RIVERSIDE,60546,10.404839,0.15958808,0.111723684,0.26807088,2.307084,0.00050702103,0.17961776,0.23249027,0.44311887
72,LINCOLNWOOD,60646,10.7121935,0.26872456,0.105576314,0.28372768,2.6189268,0.0006821641,0.14635395,0.19462687,0.60587615
73,CHICAGO,60629,10.614965,0.073053956,0.12446502,0.2574508,2.7591085,0.00026729438,0.16591305,0.21828571,0.50210524
74,NORRIDGE,60634,10.480017,0.07119776,0.09384318,0.30739784,2.4905834,0.0003646547,0.16554444,0.23028088,0.47090665
75,CHICAGO,60640,9.867083,0.21954845,0.11389111,0.2076995,1.9488558,0.00017880971,0.22744179,0.23083764,0.672
76,CHICAGO,60618,10.140613,0.08771179,0.14177467,0.14919242,2.7390542,0.00013000997,0.21835227,0.17215733,0.4839549
77,VERNON HILLS,60061,10.983121,0.3768711,0.17471676,0.10110045,2.8249497,0.0031208326,0.1820041,0.096568964,0.8505921
78,DOWNERS GROVE,60516,10.959175,0.31443226,0.15539117,0.11194799,2.75514,0.00082672044,0.16563374,0.0923563,0.85955435
80,ARLINGTON HEIGHTS,60005,10.90951,0.30446568,0.13860406,0.15269126,2.6324115,0.00055837724,0.16353564,0.11779898,0.823902
81,MOUNT PROSPECT,60056,10.719935,0.23420161,0.116792165,0.18111894,2.5155709,0.0005177718,0.1430956,0.11441578,0.75005025
83,LANSING,60438,10.456079,0.1459849,0.12705773,0.20083469,2.6149173,0.000884767,0.18053225,0.1702829,0.6858874
84,ORLAND PARK,60462,10.765617,0.18809432,0.16465728,0.1221,3.0472775,0.0023492964,0.19030862,0.10896048,0.8720285
86,CHICAGO,60618,10.088971,0.09676392,0.14175852,0.13875638,2.5295594,0.00018341832,0.24458991,0.16895694,0.45489442
88,BENSENVILLE,60106,10.549805,0.15163276,0.1364172,0.16041422,2.7439382,0.0012705401,0.15861847,0.12173421,0.703966
89,CHICAGO,60632,10.308119,0.053349435,0.1521155,0.20581135,2.7904086,0.00033337888,0.18820088,0.22031936,0.45752144
90,CHICAGO,60617,10.504657,0.050193455,0.12972257,0.22521958,2.6614785,0.0015342255,0.20825754,0.23535831,0.5066202
91,OAK LAWN,60453,10.538449,0.14431012,0.11623504,0.2557306,2.5465796,0.00064845494,0.1788275,0.20986925,0.6902431
92,HAZEL CREST,60429,10.657801,0.27012664,0.14848956,0.13782763,2.9579208,0.0016448245,0.19685344,0.13330233,0.8212635
93,EVANSTON,60202,10.36719,0.3630164,0.11251277,0.14239019,2.2246432,0.00033043922,0.19799937,0.12829009,0.68406004
94,BLOOMINGDALE,60108,10.744515,0.2293904,0.16041006,0.1030022,2.8450289,0.0013868684,0.17719063,0.080267556,0.8813082
95,CHICAGO,60634,10.383472,0.085642084,0.11263533,0.23071751,2.5426278,0.00022728801,0.18750519,0.21012512,0.4513889
97,AURORA,60506,10.483746,0.17818278,0.16859995,0.14243324,2.7969277,0.002832479,0.17787337,0.13493322,0.70886403
98,CHICAGO,60638,10.573596,0.05170282,0.1185165,0.24920054,2.706075,0.00038725528,0.17871396,0.20985465,0.49505928
100,CHICAGO,60608,10.036575,0.049550287,0.18436098,0.13699514,3.0802574,0.00019364357,0.2400746,0.18784972,0.46265823
101,DES PLAINES,60016,10.659938,0.17474186,0.116924934,0.22503522,2.5170949,0.00089394243,0.14930156,0.15505932,0.6590087
102,MERRIONETTE PARK,60655,10.4938545,0.12065754,0.14694592,0.21662623,2.706289,0.00036452417,0.19263525,0.21550815,0.5879817
103,BOLINGBROOK,60439,10.585245,0.1946211,0.18539399,0.058053967,3.3085122,0.0018453329,0.21287736,0.06302928,0.9587912
104,ST CHARLES,60174,10.698853,0.24968447,0.16293614,0.13528638,2.7635107,0.0033701684,0.17715035,0.13381484,0.74340576
105,MELROSE PARK,60160,10.414393,0.09423559,0.14756487,0.17554213,2.927787,0.00042232493,0.1735478,0.16118562,0.6196319
106,MONTGOMERY,60538,10.506846,0.15793931,0.18740316,0.10988735,2.9143069,0.0022308305,0.20478515,0.113602124,0.77081454
107,WESTCHESTER,60154,10.827131,0.27305192,0.11908932,0.26186746,2.5744324,0.001137893,0.1690637,0.19621094,0.6169475
109,BANNOCKBURN,60015,11.233198,0.4769167,0.1475198,0.15105565,2.8562844,0.0019185394,0.18762802,0.13418908,0.7778251
110,EAST DUNDEE,60118,10.52086,0.16755319,0.17559406,0.114956684,3.0110776,0.0031828657,0.18142317,0.108684614,0.80202776
111,CHICAGO,60620,10.138283,0.09692892,0.14587422,0.21051285,2.8242064,0.00020778223,0.22398438,0.23610872,0.68540347
112,BUFFALO GROVE,60090,10.882659,0.3298985,0.16361186,0.08972372,2.6619565,0.0007968329,0.18141107,0.06922866,0.9401577
113,CHICAGO,60646,10.64766,0.15159243,0.10308493,0.29935256,2.4720085,0.00039185816,0.16312633,0.23142596,0.47784925
114,CALUMET CITY,60409,10.347949,0.094424516,0.14681976,0.1821733,2.6506965,0.00062184344,0.20230202,0.17859226,0.699463
115,NAPERVILLE,60540,10.947485,0.4063125,0.18549351,0.060280055,3.0426564,0.001748207,0.19835696,0.06841841,0.91126144
116,ELMHURST,60126,10.697113,0.25922474,0.13987723,0.18817338,2.71938,0.0007235029,0.16674836,0.15531045,0.66390616
117,SCHAUMBURG,60193,10.7609625,0.24908355,0.13909371,0.11010273,2.6755157,0.0010966156,0.16320175,0.0760037,0.94467276
118,MORTON GROVE,60053,10.632363,0.22472589,0.10379182,0.2894424,2.5218217,0.00088773237,0.140255,0.1848816,0.6491343
119,BUFFALO GROVE,60089,10.752719,0.27995202,0.14566958,0.12157497,2.5930653,0.0009006097,0.15471004,0.07948495,0.9206581
121,WILLOWBROOK,60514,10.949929,0.35061288,0.1312511,0.16358133,2.527295,0.00081022986,0.17174515,0.12849794,0.75107205
122,HOFFMAN ESTATES,60194,10.775053,0.25588906,0.16735739,0.06195391,2.8581367,0.0010115355,0.18615277,0.055971112,0.9604733
123,CHICAGO,60630,10.334101,0.15319149,0.1384776,0.17604095,2.745207,0.000270794,0.19610633,0.17515038,0.53019536
124,OAK PARK,60302,10.258957,0.26187584,0.15326461,0.119625814,2.578219,0.00019320351,0.2404116,0.1445276,0.73523736
126,WHEATON,60187,10.980876,0.4132224,0.16005988,0.10700227,2.747763,0.0009979487,0.17887539,0.09331307,0.87982386
128,CHICAGO,60645,10.153429,0.2118969,0.13820851,0.15748519,2.376468,0.00027765497,0.18093102,0.1570387,0.6286408
129,LAKE ZURICH,60047,10.999864,0.30784255,0.17250146,0.10341287,2.916177,0.0042978683,0.197065,0.11131399,0.82581556
130,CHICAGO,60649,9.96665,0.14340685,0.15092918,0.14511731,2.4615521,0.0001879888,0.23188335,0.17390028,0.85239565
131,ROLLING MEADOWS,60008,10.793537,0.2713958,0.12425222,0.1706548,2.5111203,0.00070533546,0.15410487,0.12036896,0.8168128
132,MATTESON,60443,10.619154,0.26452845,0.14674823,0.13961735,2.851318,0.0027919572,0.1889086,0.11968157,0.8460887
134,WEST CHICAGO,60185,10.722518,0.24794914,0.19281782,0.09015265,3.0511076,0.0044012764,0.19465375,0.0901507,0.8689055
137,EVANSTON,60201,10.96649,0.52836204,0.14644283,0.20960245,2.605644,0.00047684147,0.17899111,0.18801948,0.71155685
